2088;2088;2016-01-13 00:00:00.000;4;20;9160;0;113;BAN05-Muebles Lavam;CBAN05-0001-000-0100;MUEBLE BASICO ELEVADO LVM 48X38 BLANCO;PN800049527-01;INVAL S A;MP-01;UN;1.000000;58620.000000;$;0.000000;61191.770000;0.000000;0.000000;2571.770000;61191.770000;0.000000;Y;61191.770000;COP;SAP_LANDED_COST_PRICE_AT_WAREHOUSE;LANDED_COST
2511;2511;2017-03-10 00:00:00.000;0;20;11886;0;113;BAN05-Muebles Lavam;CBAN05-0001-000-0361;MUEBLE BASICO ELEVADO LVM 48X38 MACANA;PN71794695-01;MONSALVE ARROYAVE JORGE HUGO;MP-01;UN;6.000000;118000.000000;$;0.000000;119790.000000;0.000000;0.000000;1790.000000;718740.000000;0.000000;Y;119790.000000;COP;SAP_LANDED_COST_PRICE_AT_WAREHOUSE;LANDED_COST
1993;1993;2015-10-06 00:00:00.000;4;20;8391;0;113;BAN05-Muebles Lavam;CBAN05-0001-000-0363;MUEBLE BASICO ELEVADO LVM 48X38 VOLCANO;PN800049527-01;INVAL S A;MP-01;UN;1.000000;58620.000000;$;0.000000;61040.050000;0.000000;0.000000;2420.050000;61040.050000;0.000000;Y;61040.050000;COP;SAP_LANDED_COST_PRICE_AT_WAREHOUSE;LANDED_COST
2469;2469;2017-01-16 00:00:00.000;0;20;11612;0;113;BAN05-Muebles Lavam;CBAN05-0001-000-0364;MUEBLE BASICO ELEVADO LVM 48X38 HUMO;PN800049527-01;INVAL S A;MP-01;UN;47.000000;61551.000000;$;0.000000;63724.050000;0.000000;0.000000;2173.050000;2995030.350000;0.000000;Y;63724.050000;COP;SAP_LANDED_COST_PRICE_AT_WAREHOUSE;LANDED_COST
2548;2548;2017-04-19 00:00:00.000;1;20;12098;0;113;BAN05-Muebles Lavam;CBAN05-0001-000-0372;MUEBLE BASICO ELEVADO LVM 48X38 SALVAJE;PN800049527-01;INVAL S A;MP-01;UN;150.000000;64629.000000;$;0.000000;66967.160000;0.000000;0.000000;2338.160000;10045074.000000;0.000000;Y;66967.160000;COP;SAP_LANDED_COST_PRICE_AT_WAREHOUSE;LANDED_COST
1582;1582;2014-11-24 00:00:00.000;1;20;5539;0;113;BAN05-Muebles Lavam;CBAN05-0001-000-0390;MUEBLE BASICO ELEVADO LVM 48X38 CEDRO;PN800049527-01;INVAL S A;MP-01;UN;14.000000;52669.000000;$;0.000000;55641.950000;0.000000;0.000000;2972.950000;778987.300000;0.000000;Y;55641.950000;COP;SAP_LANDED_COST_PRICE_AT_WAREHOUSE;LANDED_COST
2305;2305;2016-08-03 00:00:00.000;6;20;10478;0;113;BAN05-Muebles Lavam;CBAN05-0001-000-0392;MUEBLE BASICO ELEVADO LVM 48X38 WENGUE;PN800049527-01;INVAL S A;MP-01;UN;4.000000;61551.000000;$;0.000000;64071.630000;0.000000;0.000000;2520.630000;256286.520000;0.000000;Y;64071.630000;COP;SAP_LANDED_COST_PRICE_AT_WAREHOUSE;LANDED_COST
166;166;2013-04-12 00:00:00.000;0;20;738;0;113;BAN05-Muebles Lavam;CBAN05-0001-000-0397;MUEBLE BASICO ELEVADO LVM 48X38 NUEZ;PN800049527-01;INVAL S A;MP-01;UN;3.000000;52669.000000;$;0.000000;54836.330000;0.000000;0.000000;2167.330000;164508.990000;0.000000;Y;54836.330000;COP;SAP_LANDED_COST_PRICE_AT_WAREHOUSE;LANDED_COST
2003;2003;2015-10-16 00:00:00.000;8;20;8474;0;113;BAN05-Muebles Lavam;CBAN05-0001-000-0402;MUEBLE BASICO ELEVADO LVM 48X38 BRIXTON;PN800049527-01;INVAL S A;MP-01;UN;300.000000;58620.000000;$;0.000000;60478.390000;0.000000;0.000000;1858.390000;18143517.000000;0.000000;Y;60478.390000;COP;SAP_LANDED_COST_PRICE_AT_WAREHOUSE;LANDED_COST
2404;2404;2016-10-19 00:00:00.000;1;20;10973;0;113;BAN05-Muebles Lavam;CBAN05-0001-000-0408;MUEBLE BASICO ELEVADO LVM 48X38 BLANCO POLAR;PN800049527-01;INVAL S A;MP-01;UN;30.000000;61551.000000;$;0.000000;63829.790000;0.000000;0.000000;2278.790000;1914893.700000;0.000000;Y;63829.790000;COP;SAP_LANDED_COST_PRICE_AT_WAREHOUSE;LANDED_COST
2468;2468;2017-01-16 00:00:00.000;0;20;11611;0;113;BAN05-Muebles Lavam;CBAN05-0002-000-0364;MUEBLE BASICO PISO LVM 48X38 HUMO;PN800049527-01;INVAL S A;MP-01;UN;48.000000;65835.000000;$;0.000000;73759.290000;0.000000;0.000000;7924.290000;3540445.920000;0.000000;Y;73759.290000;COP;SAP_LANDED_COST_PRICE_AT_WAREHOUSE;LANDED_COST
2246;2246;2016-05-31 00:00:00.000;1;20;10100;0;113;BAN05-Muebles Lavam;CBAN05-0002-000-0368;MUEBLE BASICO PISO LVM 48X38 TABACO CHIC;PN800049527-01;INVAL S A;MP-01;UN;30.000000;65835.000000;$;0.000000;72150.750000;0.000000;0.000000;6315.750000;2164522.500000;0.000000;Y;72150.750000;COP;SAP_LANDED_COST_PRICE_AT_WAREHOUSE;LANDED_COST
2549;2549;2017-04-19 00:00:00.000;0;20;12096;1;113;BAN05-Muebles Lavam;CBAN05-0002-000-0372;MUEBLE BASICO PISO LVM 48X38 SALVAJE;PN800049527-01;INVAL S A;MP-01;UN;197.000000;69127.000000;$;0.000000;77227.890000;0.000000;0.000000;8100.890000;15213894.330000;0.000000;Y;77227.890000;COP;SAP_LANDED_COST_PRICE_AT_WAREHOUSE;LANDED_COST
2197;2197;2016-04-12 00:00:00.000;0;20;9771;0;113;BAN05-Muebles Lavam;CBAN05-0002-000-0390;MUEBLE BASICO PISO LVM 48X38 CEDRO;PN800049527-01;INVAL S A;MP-01;UN;303.000000;65835.000000;$;0.000000;72794.140000;0.000000;0.000000;6959.140000;22056624.420000;0.000000;Y;72794.140000;COP;SAP_LANDED_COST_PRICE_AT_WAREHOUSE;LANDED_COST
2452;2452;2016-12-21 00:00:00.000;3;20;11478;0;113;BAN05-Muebles Lavam;CBAN05-0002-000-0392;MUEBLE BASICO PISO LVM 48X38 WENGUE;PN800049527-01;INVAL S A;MP-01;UN;40.000000;65835.000000;$;0.000000;72550.860000;0.000000;0.000000;6715.860000;2902034.400000;0.000000;Y;72550.860000;COP;SAP_LANDED_COST_PRICE_AT_WAREHOUSE;LANDED_COST
2355;2355;2016-09-21 00:00:00.000;7;20;10795;0;113;BAN05-Muebles Lavam;CBAN05-0002-000-0397;MUEBLE BASICO PISO LVM 48X38 NUEZ;PN800049527-01;INVAL S A;MP-01;UN;50.000000;65835.000000;$;0.000000;72311.020000;0.000000;0.000000;6476.020000;3615551.000000;0.000000;Y;72311.020000;COP;SAP_LANDED_COST_PRICE_AT_WAREHOUSE;LANDED_COST
2566;2566;2017-05-08 00:00:00.000;3;20;12179;0;113;BAN05-Muebles Lavam;CBAN05-0002-000-0402;MUEBLE BASICO PISO LVM 48X38 BRIXTON;PN800049527-01;INVAL S A;MP-01;UN;358.000000;69127.000000;$;0.000000;76270.790000;0.000000;0.000000;7143.790000;27304942.820000;0.000000;Y;76270.790000;COP;SAP_LANDED_COST_PRICE_AT_WAREHOUSE;LANDED_COST
2256;2256;2016-06-10 00:00:00.000;5;20;10168;0;113;BAN05-Muebles Lavam;CBAN05-0003-000-0100;MUEBLE BASICO ELEVADO LVM 48X43 BLANCO;PN800049527-01;INVAL S A;MP-01;UN;100.000000;58640.000000;$;0.000000;61064.630000;0.000000;0.000000;2424.630000;6106463.000000;0.000000;Y;61064.630000;COP;SAP_LANDED_COST_PRICE_AT_WAREHOUSE;LANDED_COST
1616;1616;2014-12-19 00:00:00.000;0;20;5799;0;113;BAN05-Muebles Lavam;CBAN05-0003-000-0364;MUEBLE BASICO ELEVADO LVM 48X43 HUMO;PN800049527-01;INVAL S A;MP-01;UN;1.000000;50232.000000;$;0.000000;53083.000000;0.000000;0.000000;2851.000000;53083.000000;0.000000;Y;53083.000000;COP;SAP_LANDED_COST_PRICE_AT_WAREHOUSE;LANDED_COST
2476;2476;2017-01-25 00:00:00.000;0;20;11678;0;113;BAN05-Muebles Lavam;CBAN05-0003-000-0372;MUEBLE BASICO ELEVADO LVM 48X43 SALVAJE;PN800049527-01;INVAL S A;MP-01;UN;23.000000;58640.000000;$;0.000000;60869.940000;0.000000;0.000000;2229.940000;1400008.620000;0.000000;Y;60869.940000;COP;SAP_LANDED_COST_PRICE_AT_WAREHOUSE;LANDED_COST
2356;2356;2016-09-21 00:00:00.000;7;20;10797;0;113;BAN05-Muebles Lavam;CBAN05-0003-000-0392;MUEBLE BASICO ELEVADO LVM 48X43 WENGUE;PN800049527-01;INVAL S A;MP-01;UN;29.000000;58640.000000;$;0.000000;60773.520000;0.000000;0.000000;2133.520000;1762432.080000;0.000000;Y;60773.520000;COP;SAP_LANDED_COST_PRICE_AT_WAREHOUSE;LANDED_COST
1003;1003;2014-02-24 00:00:00.000;0;20;3078;0;113;BAN05-Muebles Lavam;CBAN05-0003-000-0394;MUEBLE BASICO ELEVADO LVM 48X43 ROBLE CLARO;PN800049527-01;INVAL S A;MP-01;UN;42.000000;50232.000000;$;0.000000;52429.570000;0.000000;0.000000;2197.570000;2202041.940000;0.000000;Y;52429.570000;COP;SAP_LANDED_COST_PRICE_AT_WAREHOUSE;LANDED_COST
2344;2344;2016-09-05 00:00:00.000;3;20;10687;0;113;BAN05-Muebles Lavam;CBAN05-0003-000-0402;MUEBLE BASICO ELEVADO LVM 48X43 BRIXTON;PN800049527-01;INVAL S A;MP-01;UN;30.000000;58640.000000;$;0.000000;61318.700000;0.000000;0.000000;2678.700000;1839561.000000;0.000000;Y;61318.700000;COP;SAP_LANDED_COST_PRICE_AT_WAREHOUSE;LANDED_COST
2129;2129;2016-02-16 00:00:00.000;10;20;9384;4;113;BAN05-Muebles Lavam;CBAN05-0004-000-0372;MUEBLE VIDRIO ELEVADO LVM 48X43 SALVAJE;PN800049527-01;INVAL S A;MP-01;UN;30.000000;78200.000000;$;0.000000;81041.560000;0.000000;0.000000;2841.560000;2431246.800000;0.000000;Y;81041.560000;COP;SAP_LANDED_COST_PRICE_AT_WAREHOUSE;LANDED_COST
2368;2368;2016-09-29 00:00:00.000;0;20;10843;0;113;BAN05-Muebles Lavam;CBAN05-0004-000-0392;MUEBLE VIDRIO ELEVADO LVM 48X43 WENGUE;PN800049527-01;INVAL S A;MP-01;UN;30.000000;85240.000000;$;0.000000;88845.570000;0.000000;0.000000;3605.570000;2665367.100000;0.000000;Y;88845.570000;COP;SAP_LANDED_COST_PRICE_AT_WAREHOUSE;LANDED_COST
1650;1650;2015-01-19 00:00:00.000;1;20;5958;0;113;BAN05-Muebles Lavam;CBAN05-0004-000-0393;MUEBLE VIDRIO ELEVADO LVM 48X43 CAOBA;PN800049527-01;INVAL S A;MP-01;UN;1.000000;77400.000000;$;0.000000;80566.970000;0.000000;0.000000;3166.970000;80566.970000;0.000000;Y;80566.970000;COP;SAP_LANDED_COST_PRICE_AT_WAREHOUSE;LANDED_COST
2381;2381;2016-10-07 00:00:00.000;0;20;10887;0;113;BAN05-Muebles Lavam;CBAN05-0005-000-0368;MUEBLE PICASSO ELEVADO LVM 48X43 TABACO CHIC;PN800049527-01;INVAL S A;MP-01;UN;75.000000;93370.000000;$;0.000000;96656.390000;0.000000;0.000000;3286.390000;7249229.250000;0.000000;Y;96656.390000;COP;SAP_LANDED_COST_PRICE_AT_WAREHOUSE;LANDED_COST
2242;2242;2016-05-24 00:00:00.000;5;20;10053;0;113;BAN05-Muebles Lavam;CBAN05-0005-000-0371;MUEBLE PICASSO ELEVADO LVM 48X43 ARENA;PN800049527-01;INVAL S A;MP-01;UN;1.000000;93370.000000;$;0.000000;96329.590000;0.000000;0.000000;2959.590000;96329.590000;0.000000;Y;96329.590000;COP;SAP_LANDED_COST_PRICE_AT_WAREHOUSE;LANDED_COST
2151;2151;2016-03-03 00:00:00.000;5;20;9496;2;113;BAN05-Muebles Lavam;CBAN05-0005-000-0395;MUEBLE PICASSO ELEVADO LVM 48X43 LATTE NUEZ;PN800049527-01;INVAL S A;MP-01;UN;50.000000;93370.000000;$;0.000000;96728.600000;0.000000;0.000000;3358.600000;4836430.000000;0.000000;Y;96728.600000;COP;SAP_LANDED_COST_PRICE_AT_WAREHOUSE;LANDED_COST
2196;2196;2016-04-06 00:00:00.000;7;20;9733;0;113;BAN05-Muebles Lavam;CBAN05-0005-000-0397;MUEBLE PICASSO ELEVADO LVM 48X43 NUEZ;PN800049527-01;INVAL S A;MP-01;UN;1.000000;93370.000000;$;0.000000;95741.920000;0.000000;0.000000;2371.920000;95741.920000;0.000000;Y;95741.920000;COP;SAP_LANDED_COST_PRICE_AT_WAREHOUSE;LANDED_COST
1474;1474;2014-09-09 00:00:00.000;1;20;4861;0;113;BAN05-Muebles Lavam;CBAN05-0005-000-0400;MUEBLE PICASSO ELEVADO LVM 48X43 MACANA-ROBLE;PN800049527-01;INVAL S A;MP-01;UN;4.000000;76960.000000;$;0.000000;80428.220000;0.000000;0.000000;3468.220000;321712.880000;0.000000;Y;80428.220000;COP;SAP_LANDED_COST_PRICE_AT_WAREHOUSE;LANDED_COST
2120;2120;2016-02-09 00:00:00.000;11;20;9329;0;113;BAN05-Muebles Lavam;CBAN05-0005-000-0405;MUEBLE PICASSO ELEVADO LVM 48X43 SODER;PN800049527-01;INVAL S A;MP-01;UN;1.000000;85660.000000;$;0.000000;88536.210000;0.000000;0.000000;2876.210000;88536.210000;0.000000;Y;88536.210000;COP;SAP_LANDED_COST_PRICE_AT_WAREHOUSE;LANDED_COST
1511;1511;2014-10-15 00:00:00.000;0;20;5124;0;113;BAN05-Muebles Lavam;CBAN05-0006-000-0394;MUEBLE DA VINCI ELEVADO LVM 48X43 ROBLE;PN800049527-01;INVAL S A;MP-01;UN;5.000000;67000.000000;$;0.000000;69990.270000;0.000000;0.000000;2990.270000;349951.350000;0.000000;Y;69990.270000;COP;SAP_LANDED_COST_PRICE_AT_WAREHOUSE;LANDED_COST
2776;2776;2018-04-26 00:00:00.000;0;20;582;0;113;BAN05-Muebles Lavam;CBAN05-0007-000-0392;MUEBLE PISO LVM 48X43 WENGUE;PN800049527-01;INVAL S A;MP-01;UN;85.000000;79322.000000;$;0.000000;79438.500000;0.000000;0.000000;116.500000;6752272.500000;0.000000;Y;79438.500000;COP;SAP_LANDED_COST_PRICE_AT_WAREHOUSE;LANDED_COST
2427;2427;2016-11-18 00:00:00.000;0;20;11218;0;113;BAN05-Muebles Lavam;CBAN05-0008-000-0371;RH MUEBLE BASICO VESSEL 60X50 ARENA;PN800049527-01;INVAL S A;MP-01;UN;113.000000;92410.000000;$;0.000000;95538.790000;0.000000;0.000000;3128.790000;10795883.270000;0.000000;Y;95538.790000;COP;SAP_LANDED_COST_PRICE_AT_WAREHOUSE;LANDED_COST
2444;2444;2016-12-12 00:00:00.000;0;20;11388;0;113;BAN05-Muebles Lavam;CBAN05-0008-000-0372;RH MUEBLE BASICO VESSEL 60X50 SALVAJE;PN800049527-01;INVAL S A;MP-01;UN;50.000000;92410.000000;$;0.000000;102804.840000;0.000000;0.000000;10394.840000;5140242.000000;0.000000;Y;102804.840000;COP;SAP_LANDED_COST_PRICE_AT_WAREHOUSE;LANDED_COST
1547;1547;2014-10-30 00:00:00.000;1;20;5333;1;113;BAN05-Muebles Lavam;CBAN05-0008-000-0390;RH MUEBLE BASICO VESSEL 60X50 CEDRO;PN800049527-01;INVAL S A;MP-01;UN;19.000000;101678.000000;$;0.000000;105804.980000;0.000000;0.000000;4126.980000;2010294.620000;0.000000;Y;105804.980000;COP;SAP_LANDED_COST_PRICE_AT_WAREHOUSE;LANDED_COST
2439;2439;2016-12-02 00:00:00.000;7;20;11329;0;113;BAN05-Muebles Lavam;CBAN05-0008-000-0392;RH MUEBLE BASICO VESSEL 60X50 WENGUE;PN800049527-01;INVAL S A;MP-01;UN;6.000000;92410.000000;$;0.000000;100746.560000;0.000000;0.000000;8336.560000;604479.360000;0.000000;Y;100746.560000;COP;SAP_LANDED_COST_PRICE_AT_WAREHOUSE;LANDED_COST
2571;2571;2017-05-19 00:00:00.000;1;20;12246;0;113;BAN05-Muebles Lavam;CBAN05-0009-000-0100;MUEBLE BASICO ELEVADO LVM 63X48 BLANCO;PN800049527-01;INVAL S A;MP-01;UN;1.000000;78477.000000;$;0.000000;83642.900000;0.000000;0.000000;5165.900000;83642.900000;0.000000;Y;83642.900000;COP;SAP_LANDED_COST_PRICE_AT_WAREHOUSE;LANDED_COST
2548;2548;2017-04-19 00:00:00.000;2;20;12099;0;113;BAN05-Muebles Lavam;CBAN05-0009-000-0364;MUEBLE BASICO ELEVADO LVM 63X48 HUMO;PN800049527-01;INVAL S A;MP-01;UN;1.000000;71800.000000;$;0.000000;74397.590000;0.000000;0.000000;2597.590000;74397.590000;0.000000;Y;74397.590000;COP;SAP_LANDED_COST_PRICE_AT_WAREHOUSE;LANDED_COST
2445;2445;2016-12-12 00:00:00.000;2;20;11389;1;113;BAN05-Muebles Lavam;CBAN05-0009-000-0372;MUEBLE BASICO ELEVADO LVM 63X48 SALVAJE;PN800049527-01;INVAL S A;MP-01;UN;70.000000;71800.000000;$;0.000000;74166.510000;0.000000;0.000000;2366.510000;5191655.700000;0.000000;Y;74166.510000;COP;SAP_LANDED_COST_PRICE_AT_WAREHOUSE;LANDED_COST
1738;1738;2015-04-08 00:00:00.000;6;20;6671;0;113;BAN05-Muebles Lavam;CBAN05-0009-000-0387;MUEBLE BASICO ELEVADO LVM 63X48 CHANTILLI;PN800049527-01;INVAL S A;MP-01;UN;48.000000;62730.000000;$;0.000000;64938.410000;0.000000;0.000000;2208.410000;3117043.680000;0.000000;Y;64938.410000;COP;SAP_LANDED_COST_PRICE_AT_WAREHOUSE;LANDED_COST
2327;2327;2016-08-24 00:00:00.000;4;20;10606;0;113;BAN05-Muebles Lavam;CBAN05-0009-000-0388;MUEBLE BASICO ELEVADO LVM 63X48 CAPUCHINO;PN800049527-01;INVAL S A;MP-01;UN;30.000000;71800.000000;$;0.000000;74645.930000;0.000000;0.000000;2845.930000;2239377.900000;0.000000;Y;74645.930000;COP;SAP_LANDED_COST_PRICE_AT_WAREHOUSE;LANDED_COST
2518;2518;2017-03-17 00:00:00.000;0;20;11943;0;113;BAN05-Muebles Lavam;CBAN05-0009-000-0392;MUEBLE BASICO ELEVADO LVM 63X48 WENGUE;PN800049527-01;INVAL S A;MP-01;UN;42.000000;72622.000000;$;0.000000;76003.440000;0.000000;0.000000;3381.440000;3192144.480000;0.000000;Y;76003.440000;COP;SAP_LANDED_COST_PRICE_AT_WAREHOUSE;LANDED_COST
2453;2453;2016-12-21 00:00:00.000;1;20;11477;2;113;BAN05-Muebles Lavam;CBAN05-0009-000-0397;MUEBLE BASICO ELEVADO LVM 63X48 NUEZ;PN800049527-01;INVAL S A;MP-01;UN;51.000000;71800.000000;$;0.000000;74309.050000;0.000000;0.000000;2509.050000;3789761.550000;0.000000;Y;74309.050000;COP;SAP_LANDED_COST_PRICE_AT_WAREHOUSE;LANDED_COST
2418;2418;2016-11-02 00:00:00.000;2;20;11095;0;113;BAN05-Muebles Lavam;CBAN05-0009-000-0412;MUEBLE BASICO ELEVADO LVM 63X48 VIENES;PN800049527-01;INVAL S A;MP-01;UN;164.000000;71800.000000;$;0.000000;74349.640000;0.000000;0.000000;2549.640000;12193340.960000;0.000000;Y;74349.640000;COP;SAP_LANDED_COST_PRICE_AT_WAREHOUSE;LANDED_COST
2571;2571;2017-05-19 00:00:00.000;0;20;12245;0;113;BAN05-Muebles Lavam;CBAN05-0010-000-0388;RH MUEBLE BASICO ELEVADO LVM 63X48 CAPUCCINO;PN800049527-01;INVAL S A;MP-01;UN;1.000000;82202.000000;$;0.000000;87613.100000;0.000000;0.000000;5411.100000;87613.100000;0.000000;Y;87613.100000;COP;SAP_LANDED_COST_PRICE_AT_WAREHOUSE;LANDED_COST
2027;2027;2015-11-11 00:00:00.000;6;20;8695;0;113;BAN05-Muebles Lavam;CBAN05-0010-000-0392;RH MUEBLE BASICO ELEVADO LVM 63X48 WENGUE;PN800049527-01;INVAL S A;MP-01;UN;1.000000;68940.000000;$;0.000000;71740.620000;0.000000;0.000000;2800.620000;71740.620000;0.000000;Y;71740.620000;COP;SAP_LANDED_COST_PRICE_AT_WAREHOUSE;LANDED_COST
2548;2548;2017-04-19 00:00:00.000;0;20;12095;0;113;BAN05-Muebles Lavam;CBAN05-0011-000-0388;MUEBLE GAUDI ELEVADO LVM 63X48 CAPUCCINO;PN800049527-01;INVAL S A;MP-01;UN;11.000000;97803.000000;$;0.000000;101341.340000;0.000000;0.000000;3538.340000;1114754.740000;0.000000;Y;101341.340000;COP;SAP_LANDED_COST_PRICE_AT_WAREHOUSE;LANDED_COST
2120;2120;2016-02-09 00:00:00.000;3;20;9320;0;113;BAN05-Muebles Lavam;CBAN05-0011-000-0393;MUEBLE GAUDI ELEVADO LVM 63X48 CAOBA;PN800049527-01;INVAL S A;MP-01;UN;30.000000;88710.000000;$;0.000000;91688.620000;0.000000;0.000000;2978.620000;2750658.600000;0.000000;Y;91688.620000;COP;SAP_LANDED_COST_PRICE_AT_WAREHOUSE;LANDED_COST
2305;2305;2016-08-03 00:00:00.000;1;20;10468;6;113;BAN05-Muebles Lavam;CBAN05-0011-000-0397;MUEBLE GAUDI ELEVADO LVM 63X48 NUEZ;PN800049527-01;INVAL S A;MP-01;UN;10.000000;93146.000000;$;0.000000;96960.500000;0.000000;0.000000;3814.500000;969605.000000;0.000000;Y;96960.500000;COP;SAP_LANDED_COST_PRICE_AT_WAREHOUSE;LANDED_COST
2327;2327;2016-08-24 00:00:00.000;6;20;10609;0;113;BAN05-Muebles Lavam;CBAN05-0012-000-0371;MUEBLE MONET ELEVADO LVM 63X48 ARENA;PN800049527-01;INVAL S A;MP-01;UN;30.000000;90757.000000;$;0.000000;94354.320000;0.000000;0.000000;3597.320000;2830629.600000;0.000000;Y;94354.320000;COP;SAP_LANDED_COST_PRICE_AT_WAREHOUSE;LANDED_COST
2377;2377;2016-10-07 00:00:00.000;0;20;10880;3;113;BAN05-Muebles Lavam;CBAN05-0012-000-0397;MUEBLE MONET ELEVADO LVM 63X48 NUEZ;PN800049527-01;INVAL S A;MP-01;UN;53.000000;90757.000000;$;0.000000;93951.420000;0.000000;0.000000;3194.420000;4979425.260000;0.000000;Y;93951.420000;COP;SAP_LANDED_COST_PRICE_AT_WAREHOUSE;LANDED_COST
345;345;2013-07-26 00:00:00.000;0;20;1394;0;113;BAN05-Muebles Lavam;CBAN05-0016-000-0100;MUEBLE PLUS PISO LVM 63X48 BLANCO;PN800049527-01;INVAL S A;MP-01;UN;30.000000;79322.000000;$;0.000000;86499.340000;0.000000;0.000000;7177.340000;2594980.200000;0.000000;Y;86499.340000;COP;SAP_LANDED_COST_PRICE_AT_WAREHOUSE;LANDED_COST
649;649;2013-10-17 00:00:00.000;0;20;2123;0;113;BAN05-Muebles Lavam;CBAN05-0016-000-0387;MUEBLE PLUS PISO LVM 63X48 CHANTILLI;PN800049527-01;INVAL S A;MP-01;UN;1.000000;79322.000000;$;0.000000;86601.160000;0.000000;0.000000;7279.160000;86601.160000;0.000000;Y;86601.160000;COP;SAP_LANDED_COST_PRICE_AT_WAREHOUSE;LANDED_COST
857;857;2014-01-10 00:00:00.000;0;20;2705;0;113;BAN05-Muebles Lavam;CBAN05-0016-000-0389;MUEBLE PLUS PISO LVM 63X48 ROBLE OSCURO;PN800049527-01;INVAL S A;MP-01;UN;1.000000;79322.000000;$;0.000000;88432.240000;0.000000;0.000000;9110.240000;88432.240000;0.000000;Y;88432.240000;COP;SAP_LANDED_COST_PRICE_AT_WAREHOUSE;LANDED_COST
1334;1334;2014-06-16 00:00:00.000;7;20;4071;0;113;BAN05-Muebles Lavam;CBAN05-0016-000-0390;MUEBLE PLUS PISO LVM 63X48 CEDRO;PN800049527-01;INVAL S A;MP-01;UN;7.000000;79322.000000;$;0.000000;87569.840000;0.000000;0.000000;8247.840000;612988.880000;0.000000;Y;87569.840000;COP;SAP_LANDED_COST_PRICE_AT_WAREHOUSE;LANDED_COST
2475;2475;2017-01-25 00:00:00.000;1;20;11677;0;113;BAN05-Muebles Lavam;CBAN05-0016-000-0392;MUEBLE PLUS PISO LVM 63X48 WENGUE;PN800049527-01;INVAL S A;MP-01;UN;12.000000;90794.000000;$;0.000000;98772.710000;0.000000;0.000000;7978.710000;1185272.520000;0.000000;Y;98772.710000;COP;SAP_LANDED_COST_PRICE_AT_WAREHOUSE;LANDED_COST
2002;2002;2015-10-16 00:00:00.000;4;20;8472;0;113;BAN05-Muebles Lavam;CBAN05-0016-000-0393;MUEBLE PLUS PISO LVM 63X48 CAOBA;PN800049527-01;INVAL S A;MP-01;UN;1.000000;84960.000000;$;0.000000;92284.000000;0.000000;0.000000;7324.000000;92284.000000;0.000000;Y;92284.000000;COP;SAP_LANDED_COST_PRICE_AT_WAREHOUSE;LANDED_COST
2343;2343;2016-09-05 00:00:00.000;3;20;10688;0;113;BAN05-Muebles Lavam;CBAN05-0016-000-0402;MUEBLE PLUS PISO LVM 63X48 BRIXTON;PN800049527-01;INVAL S A;MP-01;UN;30.000000;96230.000000;$;0.000000;106300.930000;0.000000;0.000000;10070.930000;3189027.900000;0.000000;Y;106300.930000;COP;SAP_LANDED_COST_PRICE_AT_WAREHOUSE;LANDED_COST
1146;1146;2014-04-16 00:00:00.000;0;20;3514;1;113;BAN05-Muebles Lavam;CBAN05-0017-000-0364;RH MUEBLE LVM VIVALDI ELEVADO 81X48 HUMO;PN800049527-01;INVAL S A;MP-01;UN;30.000000;92404.000000;$;0.000000;95971.930000;0.000000;0.000000;3567.930000;2879157.900000;0.000000;Y;95971.930000;COP;SAP_LANDED_COST_PRICE_AT_WAREHOUSE;LANDED_COST
281;281;2013-06-18 00:00:00.000;0;20;1133;0;113;BAN05-Muebles Lavam;CBAN05-0017-000-0365;RH MUEBLE LVM VIVALDI ELEVADO 81X48 WENGUE - BLANCO POLAR;PN800049527-01;INVAL S A;MP-01;UN;30.000000;92404.000000;$;0.000000;95593.330000;0.000000;0.000000;3189.330000;2867799.900000;0.000000;Y;95593.330000;COP;SAP_LANDED_COST_PRICE_AT_WAREHOUSE;LANDED_COST
1434;1434;2014-08-08 00:00:00.000;2;20;4554;0;113;BAN05-Muebles Lavam;CBAN05-0017-000-0392;RH MUEBLE LVM VIVALDI ELEVADO 81X48 WENGUE;PN800049527-01;INVAL S A;MP-01;UN;159.000000;92404.000000;$;0.000000;95691.000000;0.000000;0.000000;3287.000000;15214869.000000;0.000000;Y;95691.000000;COP;SAP_LANDED_COST_PRICE_AT_WAREHOUSE;LANDED_COST
2421;2421;2016-11-08 00:00:00.000;3;20;11138;2;113;BAN05-Muebles Lavam;CBAN05-0017-000-0400;RH MUEBLE LVM VIVALDI ELEVADO 81X48 MACANA-ROBLE;PN800049527-01;INVAL S A;MP-01;UN;30.000000;105956.000000;$;0.000000;110044.690000;0.000000;0.000000;4088.690000;3301340.700000;0.000000;Y;110044.690000;COP;SAP_LANDED_COST_PRICE_AT_WAREHOUSE;LANDED_COST
2327;2327;2016-08-24 00:00:00.000;5;20;10606;1;113;BAN05-Muebles Lavam;CBAN05-0018-000-0388;MUEBLE BASICO ELEVADO LVM 79X48 CAPUCHINO;PN800049527-01;INVAL S A;MP-01;UN;30.000000;79040.000000;$;0.000000;82172.900000;0.000000;0.000000;3132.900000;2465187.000000;0.000000;Y;82172.900000;COP;SAP_LANDED_COST_PRICE_AT_WAREHOUSE;LANDED_COST
1774;1774;2015-05-08 00:00:00.000;3;20;6966;0;113;BAN05-Muebles Lavam;CBAN05-0018-000-0392;MUEBLE BASICO ELEVADO LVM 79X48 WENGUE;PN800049527-01;INVAL S A;MP-01;UN;1.000000;69060.000000;$;0.000000;72242.950000;0.000000;0.000000;3182.950000;72242.950000;0.000000;Y;72242.950000;COP;SAP_LANDED_COST_PRICE_AT_WAREHOUSE;LANDED_COST
2201;2201;2016-04-20 00:00:00.000;7;20;9826;2;113;BAN05-Muebles Lavam;CBAN05-0019-000-0393;MUEBLE TIZIANO ELEVADO LVM 79X48 CAOBA;PN800049527-01;INVAL S A;MP-01;UN;1.000000;115440.000000;$;0.000000;118818.670000;0.000000;0.000000;3378.670000;118818.670000;0.000000;Y;118818.670000;COP;SAP_LANDED_COST_PRICE_AT_WAREHOUSE;LANDED_COST
2023;2023;2015-11-06 00:00:00.000;4;20;8639;0;113;BAN05-Muebles Lavam;CBAN05-0019-000-0396;MUEBLE TIZIANO ELEVADO LVM 79X48 SERENA;PN800049527-01;INVAL S A;MP-01;UN;4.000000;106720.000000;$;0.000000;110839.440000;0.000000;0.000000;4119.440000;443357.760000;0.000000;Y;110839.440000;COP;SAP_LANDED_COST_PRICE_AT_WAREHOUSE;LANDED_COST
2060;2060;2015-12-05 00:00:00.000;4;20;8950;0;113;BAN05-Muebles Lavam;CBAN05-0019-000-0397;MUEBLE TIZIANO ELEVADO LVM 79X48 NUEZ;PN800049527-01;INVAL S A;MP-01;UN;55.000000;106720.000000;$;0.000000;110553.320000;0.000000;0.000000;3833.320000;6080432.600000;0.000000;Y;110553.320000;COP;SAP_LANDED_COST_PRICE_AT_WAREHOUSE;LANDED_COST
2404;2404;2016-10-19 00:00:00.000;0;20;10970;3;113;BAN05-Muebles Lavam;CBAN05-0019-000-0406;MUEBLE TIZIANO ELEVADO LVM 79X48 AMARETTO;PN800049527-01;INVAL S A;MP-01;UN;25.000000;115440.000000;$;0.000000;119713.910000;0.000000;0.000000;4273.910000;2992847.750000;0.000000;Y;119713.910000;COP;SAP_LANDED_COST_PRICE_AT_WAREHOUSE;LANDED_COST
1315;1315;2014-06-06 00:00:00.000;6;20;3968;1;113;BAN05-Muebles Lavam;CBAN05-0020-000-0364;RH MUEBLE TIZIANO ELEVADO LVM 79X48 HUMO;PN800049527-01;INVAL S A;MP-01;UN;17.000000;104260.000000;$;0.000000;107677.490000;0.000000;0.000000;3417.490000;1830517.330000;0.000000;Y;107677.490000;COP;SAP_LANDED_COST_PRICE_AT_WAREHOUSE;LANDED_COST
2532;2532;2017-03-28 00:00:00.000;0;20;12000;0;113;BAN05-Muebles Lavam;CBAN05-0020-000-0392;RH MUEBLE TIZIANO ELEVADO LVM 79X48 WENGUE;PN800049527-01;INVAL S A;MP-01;UN;30.000000;127097.000000;$;0.000000;133158.000000;0.000000;0.000000;6061.000000;3994740.000000;0.000000;Y;133158.000000;COP;SAP_LANDED_COST_PRICE_AT_WAREHOUSE;LANDED_COST
2046;2046;2015-11-28 00:00:00.000;4;20;8892;0;113;BAN05-Muebles Lavam;CBAN05-0020-000-0393;RH MUEBLE TIZIANO ELEVADO LVM 79X48 CAOBA;PN800049527-01;INVAL S A;MP-01;UN;1.000000;111670.000000;$;0.000000;116314.800000;0.000000;0.000000;4644.800000;116314.800000;0.000000;Y;116314.800000;COP;SAP_LANDED_COST_PRICE_AT_WAREHOUSE;LANDED_COST
2440;2440;2016-12-02 00:00:00.000;6;20;11325;2;113;BAN05-Muebles Lavam;CBAN05-0020-000-0396;RH MUEBLE TIZIANO ELEVADO LVM 79X48 SERENA;PN800049527-01;INVAL S A;MP-01;UN;70.000000;121045.000000;$;0.000000;124523.290000;0.000000;0.000000;3478.290000;8716630.300000;0.000000;Y;124523.290000;COP;SAP_LANDED_COST_PRICE_AT_WAREHOUSE;LANDED_COST
598;598;2013-10-10 00:00:00.000;0;20;2039;0;113;BAN05-Muebles Lavam;CBAN05-0020-000-0397;RH MUEBLE TIZIANO ELEVADO LVM 79X48 NUEZ;PN800049527-01;INVAL S A;MP-01;UN;8.000000;104260.000000;$;0.000000;108786.880000;0.000000;0.000000;4526.880000;870295.040000;0.000000;Y;108786.880000;COP;SAP_LANDED_COST_PRICE_AT_WAREHOUSE;LANDED_COST
156;156;2013-04-08 00:00:00.000;0;20;690;3;113;BAN05-Muebles Lavam;CBAN05-0021-000-0396;RH MUEBLE TIZIANO LVM VESSEL 79X48 LVM SERENA;PN800049527-01;INVAL S A;MP-01;UN;30.000000;104260.000000;$;0.000000;108602.930000;0.000000;0.000000;4342.930000;3258087.900000;0.000000;Y;108602.930000;COP;SAP_LANDED_COST_PRICE_AT_WAREHOUSE;LANDED_COST
1993;1993;2015-10-06 00:00:00.000;5;20;8394;1;113;BAN05-Muebles Lavam;CBAN05-0022-000-0364;RH MUEBLE BASICO ELEVADO LVM 48X38 HUMO;PN800049527-01;INVAL S A;MP-01;UN;2.000000;65010.000000;$;0.000000;67693.860000;0.000000;0.000000;2683.860000;135387.720000;0.000000;Y;67693.860000;COP;SAP_LANDED_COST_PRICE_AT_WAREHOUSE;LANDED_COST
2139;2139;2016-02-19 00:00:00.000;2;20;9422;1;113;BAN05-Muebles Lavam;CBAN05-0022-000-0396;RH MUEBLE BASICO ELEVADO LVM 48X38 SERENA;PN800049527-01;INVAL S A;MP-01;UN;5.000000;65010.000000;$;0.000000;67300.570000;0.000000;0.000000;2290.570000;336502.850000;0.000000;Y;67300.570000;COP;SAP_LANDED_COST_PRICE_AT_WAREHOUSE;LANDED_COST
1315;1315;2014-06-06 00:00:00.000;10;20;3972;1;113;BAN05-Muebles Lavam;CBAN05-0023-000-0392;RH MUEBLE GAUDI ELEVADO LVM 63X48 WENGUE;PN800049527-01;INVAL S A;MP-01;UN;14.000000;89856.000000;$;0.000000;92801.350000;0.000000;0.000000;2945.350000;1299218.900000;0.000000;Y;92801.350000;COP;SAP_LANDED_COST_PRICE_AT_WAREHOUSE;LANDED_COST
1511;1511;2014-10-15 00:00:00.000;5;20;5130;0;113;BAN05-Muebles Lavam;CBAN05-0023-000-0397;RH MUEBLE GAUDI ELEVADO LVM 63X48 NUEZ;PN800049527-01;INVAL S A;MP-01;UN;4.000000;89856.000000;$;0.000000;93866.350000;0.000000;0.000000;4010.350000;375465.400000;0.000000;Y;93866.350000;COP;SAP_LANDED_COST_PRICE_AT_WAREHOUSE;LANDED_COST
660;660;2013-10-23 00:00:00.000;0;20;2189;0;113;BAN05-Muebles Lavam;CBAN05-0024-000-0366;RH MUEBLE PICASSO ELEVADO 48X43 WENGUE - LINO LATTE;PN800049527-01;INVAL S A;MP-01;UN;22.000000;82940.000000;$;0.000000;86342.640000;0.000000;0.000000;3402.640000;1899538.080000;0.000000;Y;86342.640000;COP;SAP_LANDED_COST_PRICE_AT_WAREHOUSE;LANDED_COST
2584;2584;2017-07-07 00:00:00.000;0;20;12464;0;113;BAN05-Muebles Lavam;CBAN05-0024-000-0371;RH MUEBLE PICASSO ELEVADO 48X43 ARENA;PN800049527-01;INVAL S A;MP-01;UN;1.000000;105868.000000;$;0.000000;114271.000000;0.000000;0.000000;8403.000000;114271.000000;0.000000;Y;114271.000000;COP;SAP_LANDED_COST_PRICE_AT_WAREHOUSE;LANDED_COST
1002;1002;2014-02-24 00:00:00.000;0;20;3076;0;113;BAN05-Muebles Lavam;CBAN05-0024-000-0392;RH MUEBLE PICASSO ELEVADO 48X43 WENGUE;PN800049527-01;INVAL S A;MP-01;UN;15.000000;82940.000000;$;0.000000;86568.530000;0.000000;0.000000;3628.530000;1298527.950000;0.000000;Y;86568.530000;COP;SAP_LANDED_COST_PRICE_AT_WAREHOUSE;LANDED_COST
463;463;2013-09-11 00:00:00.000;0;20;1762;0;113;BAN05-Muebles Lavam;CBAN05-0024-000-0396;RH MUEBLE PICASSO ELEVADO 48X43 SERENA;PN800049527-01;INVAL S A;MP-01;UN;5.000000;82940.000000;$;0.000000;87079.600000;0.000000;0.000000;4139.600000;435398.000000;0.000000;Y;87079.600000;COP;SAP_LANDED_COST_PRICE_AT_WAREHOUSE;LANDED_COST
1601;1601;2014-12-11 00:00:00.000;6;20;5703;0;113;BAN05-Muebles Lavam;CBAN05-0024-000-0397;RH MUEBLE PICASSO ELEVADO 48X43 NUEZ;PN800049527-01;INVAL S A;MP-01;UN;2.000000;82940.000000;$;0.000000;86206.530000;0.000000;0.000000;3266.530000;172413.060000;0.000000;Y;86206.530000;COP;SAP_LANDED_COST_PRICE_AT_WAREHOUSE;LANDED_COST
1993;1993;2015-10-06 00:00:00.000;6;20;8394;2;113;BAN05-Muebles Lavam;CBAN05-0025-000-0364;RH MUEBLE MONET ELEVADO 63X48 HUMO;PN800049527-01;INVAL S A;MP-01;UN;2.000000;91110.000000;$;0.000000;94871.360000;0.000000;0.000000;3761.360000;189742.720000;0.000000;Y;94871.360000;COP;SAP_LANDED_COST_PRICE_AT_WAREHOUSE;LANDED_COST
2836;2836;2018-07-09 00:00:00.000;0;20;752;0;113;BAN05-Muebles Lavam;CBAN05-0025-000-0397;RH MUEBLE MONET ELEVADO 63X48 NUEZ;PN800049527-01;INVAL S A;MP-01;UN;30.000000;85072.000000;$;0.000000;86000.650000;0.000000;0.000000;928.650000;2580019.500000;0.000000;Y;86000.650000;COP;SAP_LANDED_COST_PRICE_AT_WAREHOUSE;LANDED_COST
2686;2686;2017-12-21 00:00:00.000;0;20;580;0;113;BAN05-Muebles Lavam;CBAN05-0026-000-0387;RH MUEBLE DA VINCI ELEVADO 48X43 MACANA;PN800049527-01;INVAL S A;MP-01;UN;110.000000;77636.000000;$;0.000000;77898.360000;0.000000;0.000000;262.360000;8568819.600000;0.000000;Y;77898.360000;COP;SAP_LANDED_COST_PRICE_AT_WAREHOUSE;LANDED_COST
1995;1995;2015-10-06 00:00:00.000;0;20;8372;0;113;BAN05-Muebles Lavam;CBAN05-0030-000-0394;RH MUEBLE PLUS PISO LVM 63X48 ROBLE MALLADO;PN800049527-01;INVAL S A;MP-01;UN;3.000000;93170.000000;$;0.000000;103280.580000;0.000000;0.000000;10110.580000;309841.740000;0.000000;Y;103280.580000;COP;SAP_LANDED_COST_PRICE_AT_WAREHOUSE;LANDED_COST
2427;2427;2016-11-18 00:00:00.000;1;20;11218;1;113;BAN05-Muebles Lavam;CBAN05-0032-000-0371;RH MUEBLE BASICO ELEVADO LVM 79X48 ARENA;PN800049527-01;INVAL S A;MP-01;UN;198.000000;96140.000000;$;0.000000;99395.080000;0.000000;0.000000;3255.080000;19680225.840000;0.000000;Y;99395.080000;COP;SAP_LANDED_COST_PRICE_AT_WAREHOUSE;LANDED_COST
2278;2278;2016-06-28 00:00:00.000;6;20;10288;0;113;BAN05-Muebles Lavam;CBAN05-0032-000-0388;RH MUEBLE BASICO ELEVADO LVM 79X48 CAPUCCINO;PN800049527-01;INVAL S A;MP-01;UN;1.000000;96140.000000;$;0.000000;100730.840000;0.000000;0.000000;4590.840000;100730.840000;0.000000;Y;100730.840000;COP;SAP_LANDED_COST_PRICE_AT_WAREHOUSE;LANDED_COST
2088;2088;2016-01-13 00:00:00.000;5;20;9160;1;113;BAN05-Muebles Lavam;CBAN05-0033-000-0100;RH MUEBLE BASICO ELEVADO LVM 48X43 BLANCO;PN800049527-01;INVAL S A;MP-01;UN;1.000000;64970.000000;$;0.000000;67820.360000;0.000000;0.000000;2850.360000;67820.360000;0.000000;Y;67820.360000;COP;SAP_LANDED_COST_PRICE_AT_WAREHOUSE;LANDED_COST
2147;2147;2016-02-29 00:00:00.000;1;20;9475;0;113;BAN05-Muebles Lavam;CBAN05-0033-000-0363;RH MUEBLE BASICO ELEVADO LVM 48X43 VOLCANO;PN800049527-01;INVAL S A;MP-01;UN;1.000000;64790.000000;$;0.000000;70167.970000;0.000000;0.000000;5377.970000;70167.970000;0.000000;Y;70167.970000;COP;SAP_LANDED_COST_PRICE_AT_WAREHOUSE;LANDED_COST
2551;2551;2017-04-24 00:00:00.000;0;20;12121;0;113;BAN05-Muebles Lavam;CBAN05-0033-000-0387;RH MUEBLE BASICO ELEVADO LVM 48X43 CHANTILLI;PN800049527-01;INVAL S A;MP-01;UN;1.000000;61572.000000;$;0.000000;69975.360000;0.000000;0.000000;8403.360000;69975.360000;0.000000;Y;69975.360000;COP;SAP_LANDED_COST_PRICE_AT_WAREHOUSE;LANDED_COST
2003;2003;2015-10-16 00:00:00.000;6;20;8471;1;113;BAN05-Muebles Lavam;CBAN05-0034-000-0364;RH MUEBLE DALI ELEVADO LVM 48X43 HUMO;PN800049527-01;INVAL S A;MP-01;UN;3.000000;84130.000000;$;0.000000;86797.120000;0.000000;0.000000;2667.120000;260391.360000;0.000000;Y;86797.120000;COP;SAP_LANDED_COST_PRICE_AT_WAREHOUSE;LANDED_COST
2183;2183;2016-03-22 00:00:00.000;2;20;9664;0;113;BAN05-Muebles Lavam;CBAN05-0034-000-0397;RH MUEBLE DALI ELEVADO LVM 48X43 NUEZ;PN800049527-01;INVAL S A;MP-01;UN;30.000000;101920.000000;$;0.000000;105825.490000;0.000000;0.000000;3905.490000;3174764.700000;0.000000;Y;105825.490000;COP;SAP_LANDED_COST_PRICE_AT_WAREHOUSE;LANDED_COST
2247;2247;2016-05-31 00:00:00.000;2;20;10099;0;113;BAN05-Muebles Lavam;CBAN05-0035-000-0364;MUEBLE DALI ELEVADO LVM 48X43 HUMO;PN800049527-01;INVAL S A;MP-01;UN;30.000000;91700.000000;$;0.000000;94662.010000;0.000000;0.000000;2962.010000;2839860.300000;0.000000;Y;94662.010000;COP;SAP_LANDED_COST_PRICE_AT_WAREHOUSE;LANDED_COST
2247;2247;2016-05-31 00:00:00.000;4;20;10099;2;113;BAN05-Muebles Lavam;CBAN05-0035-000-0368;MUEBLE DALI ELEVADO LVM 48X43 TABACO CHIC;PN800049527-01;INVAL S A;MP-01;UN;30.000000;91700.000000;$;0.000000;94662.010000;0.000000;0.000000;2962.010000;2839860.300000;0.000000;Y;94662.010000;COP;SAP_LANDED_COST_PRICE_AT_WAREHOUSE;LANDED_COST
2548;2548;2017-04-19 00:00:00.000;3;20;12100;0;113;BAN05-Muebles Lavam;CBAN05-0035-000-0387;MUEBLE DALI ELEVADO LVM 48X43 CHANTILLI;PN800049527-01;INVAL S A;MP-01;UN;2.000000;98198.000000;$;0.000000;101750.630000;0.000000;0.000000;3552.630000;203501.260000;0.000000;Y;101750.630000;COP;SAP_LANDED_COST_PRICE_AT_WAREHOUSE;LANDED_COST
1689;1689;2015-02-20 00:00:00.000;4;20;6266;1;113;BAN05-Muebles Lavam;CBAN05-0036-000-0364;RH TAPA LVM VESSEL 63X48 HUMO;PN800049527-01;INVAL S A;MP-01;UN;1.000000;19480.000000;$;0.000000;20392.820000;0.000000;0.000000;912.820000;20392.820000;0.000000;Y;20392.820000;COP;SAP_LANDED_COST_PRICE_AT_WAREHOUSE;LANDED_COST
2174;2174;2016-03-17 00:00:00.000;3;20;9621;1;113;BAN05-Muebles Lavam;CBAN05-0036-000-0388;RH TAPA LVM VESSEL 63X48 CAPUCCINO;PN800049527-01;INVAL S A;MP-01;UN;20.000000;22290.000000;$;0.000000;23209.260000;0.000000;0.000000;919.260000;464185.200000;0.000000;Y;23209.260000;COP;SAP_LANDED_COST_PRICE_AT_WAREHOUSE;LANDED_COST
2201;2201;2016-04-20 00:00:00.000;8;20;9829;0;113;BAN05-Muebles Lavam;CBAN05-0036-000-0392;RH TAPA LVM VESSEL 63X48 WENGUE;PN800049527-01;INVAL S A;MP-01;UN;2.000000;22290.000000;$;0.000000;22942.380000;0.000000;0.000000;652.380000;45884.760000;0.000000;Y;22942.380000;COP;SAP_LANDED_COST_PRICE_AT_WAREHOUSE;LANDED_COST
2014;2014;2015-10-26 00:00:00.000;2;20;8532;0;113;BAN05-Muebles Lavam;CBAN05-0036-000-0393;RH TAPA LVM VESSEL 63X48 CAOBA;PN800049527-01;INVAL S A;MP-01;UN;15.000000;20450.000000;$;0.000000;21243.150000;0.000000;0.000000;793.150000;318647.250000;0.000000;Y;21243.150000;COP;SAP_LANDED_COST_PRICE_AT_WAREHOUSE;LANDED_COST
2567;2567;2017-05-08 00:00:00.000;1;20;12182;0;113;BAN05-Muebles Lavam;CBAN05-0036-000-0397;RH TAPA LVM VESSEL 63X48 NUEZ;PN800049527-01;INVAL S A;MP-01;UN;150.000000;23697.000000;$;0.000000;24486.580000;0.000000;0.000000;789.580000;3672987.000000;0.000000;Y;24486.580000;COP;SAP_LANDED_COST_PRICE_AT_WAREHOUSE;LANDED_COST
2022;2022;2015-11-06 00:00:00.000;5;20;8640;0;113;BAN05-Muebles Lavam;CBAN05-0037-000-0397;MUEBLE PLUS PISO LVM 79X48 NUEZ;PN800049527-01;INVAL S A;MP-01;UN;2.000000;103850.000000;$;0.000000;114768.510000;0.000000;0.000000;10918.510000;229537.020000;0.000000;Y;114768.510000;COP;SAP_LANDED_COST_PRICE_AT_WAREHOUSE;LANDED_COST
2566;2566;2017-05-08 00:00:00.000;2;20;12181;2;113;BAN05-Muebles Lavam;CBAN05-0037-000-0402;MUEBLE PLUS PISO LVM 79X48 BRIXTON;PN800049527-01;INVAL S A;MP-01;UN;50.000000;127320.000000;$;0.000000;140477.630000;0.000000;0.000000;13157.630000;7023881.500000;0.000000;Y;140477.630000;COP;SAP_LANDED_COST_PRICE_AT_WAREHOUSE;LANDED_COST
2278;2278;2016-06-28 00:00:00.000;8;20;10288;2;113;BAN05-Muebles Lavam;CBAN05-0038-000-0373;MUEBLE DALI ELEVADO LMV 79X48 BLANCO BRILLANTE;PN800049527-01;INVAL S A;MP-01;UN;1.000000;146140.000000;$;0.000000;153118.420000;0.000000;0.000000;6978.420000;153118.420000;0.000000;Y;153118.420000;COP;SAP_LANDED_COST_PRICE_AT_WAREHOUSE;LANDED_COST
2003;2003;2015-10-16 00:00:00.000;5;20;8471;0;113;BAN05-Muebles Lavam;CBAN05-0038-000-0393;MUEBLE DALI ELEVADO LMV 79X48 CAOBA;PN800049527-01;INVAL S A;MP-01;UN;1.000000;124220.000000;$;0.000000;128158.060000;0.000000;0.000000;3938.060000;128158.060000;0.000000;Y;128158.060000;COP;SAP_LANDED_COST_PRICE_AT_WAREHOUSE;LANDED_COST
2317;2317;2016-08-11 00:00:00.000;0;20;10527;0;113;BAN05-Muebles Lavam;CBAN05-0039-000-0100;MUEBLE VALDEZ PISO LVM 48X43 BLANCO;PN800049527-01;INVAL S A;MP-01;UN;30.000000;88106.000000;$;0.000000;95507.350000;0.000000;0.000000;7401.350000;2865220.500000;0.000000;Y;95507.350000;COP;SAP_LANDED_COST_PRICE_AT_WAREHOUSE;LANDED_COST
2159;2159;2016-03-10 00:00:00.000;0;20;9538;1;113;BAN05-Muebles Lavam;CBAN05-0039-000-0390;MUEBLE VALDEZ PISO LVM 48X43 CEDRO;PN800049527-01;INVAL S A;MP-01;UN;30.000000;88106.000000;$;0.000000;95320.850000;0.000000;0.000000;7214.850000;2859625.500000;0.000000;Y;95320.850000;COP;SAP_LANDED_COST_PRICE_AT_WAREHOUSE;LANDED_COST
2314;2314;2016-08-09 00:00:00.000;1;20;10508;0;113;BAN05-Muebles Lavam;CBAN05-0039-000-0392;MUEBLE VALDEZ PISO LVM 48X43 WENGUE;PN800049527-01;INVAL S A;MP-01;UN;20.000000;88106.000000;$;0.000000;97001.310000;0.000000;0.000000;8895.310000;1940026.200000;0.000000;Y;97001.310000;COP;SAP_LANDED_COST_PRICE_AT_WAREHOUSE;LANDED_COST
2022;2022;2015-11-06 00:00:00.000;6;20;8640;1;113;BAN05-Muebles Lavam;CBAN05-0039-000-0393;MUEBLE VALDEZ PISO LVM 48X43 CAOBA;PN800049527-01;INVAL S A;MP-01;UN;3.000000;83910.000000;$;0.000000;92732.070000;0.000000;0.000000;8822.070000;278196.210000;0.000000;Y;92732.070000;COP;SAP_LANDED_COST_PRICE_AT_WAREHOUSE;LANDED_COST
1995;1995;2015-10-06 00:00:00.000;1;20;8372;1;113;BAN05-Muebles Lavam;CBAN05-0039-000-0394;MUEBLE VALDEZ PISO LVM 48X43 ROBLE MALLADO;PN800049527-01;INVAL S A;MP-01;UN;1.000000;92780.000000;$;0.000000;102848.260000;0.000000;0.000000;10068.260000;102848.260000;0.000000;Y;102848.260000;COP;SAP_LANDED_COST_PRICE_AT_WAREHOUSE;LANDED_COST
2566;2566;2017-05-08 00:00:00.000;0;20;12181;0;113;BAN05-Muebles Lavam;CBAN05-0039-000-0397;MUEBLE VALDEZ PISO LVM 48X43 NUEZ;PN800049527-01;INVAL S A;MP-01;UN;30.000000;100970.000000;$;0.000000;111404.550000;0.000000;0.000000;10434.550000;3342136.500000;0.000000;Y;111404.550000;COP;SAP_LANDED_COST_PRICE_AT_WAREHOUSE;LANDED_COST
2151;2151;2016-03-03 00:00:00.000;8;20;9500;0;113;BAN05-Muebles Lavam;CBAN05-0040-000-0363;MUEBLE DALI ELEVADO LVM 63X48 VOLCANO;PN800049527-01;INVAL S A;MP-01;UN;20.000000;105320.000000;$;0.000000;109108.460000;0.000000;0.000000;3788.460000;2182169.200000;0.000000;Y;109108.460000;COP;SAP_LANDED_COST_PRICE_AT_WAREHOUSE;LANDED_COST
2247;2247;2016-05-31 00:00:00.000;3;20;10099;1;113;BAN05-Muebles Lavam;CBAN05-0040-000-0364;MUEBLE DALI ELEVADO LVM 63X48 HUMO;PN800049527-01;INVAL S A;MP-01;UN;32.000000;105320.000000;$;0.000000;108721.950000;0.000000;0.000000;3401.950000;3479102.400000;0.000000;Y;108721.950000;COP;SAP_LANDED_COST_PRICE_AT_WAREHOUSE;LANDED_COST
2315;2315;2016-08-09 00:00:00.000;7;20;10516;1;113;BAN05-Muebles Lavam;CBAN05-0040-000-0368;MUEBLE DALI ELEVADO LVM 63X48 TABACO CHIC;PN800049527-01;INVAL S A;MP-01;UN;30.000000;105320.000000;$;0.000000;108792.070000;0.000000;0.000000;3472.070000;3263762.100000;0.000000;Y;108792.070000;COP;SAP_LANDED_COST_PRICE_AT_WAREHOUSE;LANDED_COST
1502;1502;2014-10-06 00:00:00.000;32;20;5059;0;113;BAN05-Muebles Lavam;CBAN05-0040-000-0372;MUEBLE DALI ELEVADO LVM 63X48 SALVAJE;PN800049527-01;INVAL S A;MP-01;UN;4.000000;88480.000000;$;0.000000;91443.310000;0.000000;0.000000;2963.310000;365773.240000;0.000000;Y;91443.310000;COP;SAP_LANDED_COST_PRICE_AT_WAREHOUSE;LANDED_COST
2198;2198;2016-04-12 00:00:00.000;2;20;9779;0;113;BAN05-Muebles Lavam;CBAN05-0040-000-0387;MUEBLE DALI ELEVADO LVM 63X48 CHANTILLI;PN800049527-01;INVAL S A;MP-01;UN;2.000000;105320.000000;$;0.000000;108717.040000;0.000000;0.000000;3397.040000;217434.080000;0.000000;Y;108717.040000;COP;SAP_LANDED_COST_PRICE_AT_WAREHOUSE;LANDED_COST
360;360;2013-08-05 00:00:00.000;0;20;1421;0;113;BAN05-Muebles Lavam;CBAN05-0040-000-0389;MUEBLE DALI ELEVADO LVM 63X48 ROBLE OSCURO;PN800049527-01;INVAL S A;MP-01;UN;300.000000;88480.000000;$;0.000000;92344.100000;0.000000;0.000000;3864.100000;27703230.000000;0.000000;Y;92344.100000;COP;SAP_LANDED_COST_PRICE_AT_WAREHOUSE;LANDED_COST
1774;1774;2015-05-08 00:00:00.000;1;20;6965;0;113;BAN05-Muebles Lavam;CBAN05-0041-000-0393;RH TAPA LVM VESSEL 79X48 CAOBA;PN800049527-01;INVAL S A;MP-01;UN;1.000000;22370.000000;$;0.000000;23401.020000;0.000000;0.000000;1031.020000;23401.020000;0.000000;Y;23401.020000;COP;SAP_LANDED_COST_PRICE_AT_WAREHOUSE;LANDED_COST
1219;1219;2014-05-07 00:00:00.000;0;20;3670;0;113;BAN05-Muebles Lavam;CBAN05-0041-000-0396;RH TAPA LVM VESSEL 79X48 SERENA;PN800049527-01;INVAL S A;MP-01;UN;15.000000;21100.000000;$;0.000000;21827.070000;0.000000;0.000000;727.070000;327406.050000;0.000000;Y;21827.070000;COP;SAP_LANDED_COST_PRICE_AT_WAREHOUSE;LANDED_COST
1313;1313;2014-06-06 00:00:00.000;3;20;3961;4;113;BAN05-Muebles Lavam;CBAN05-0041-000-0397;RH TAPA LVM VESSEL 79X48 NUEZ;PN800049527-01;INVAL S A;MP-01;UN;30.000000;21100.000000;$;0.000000;23406.240000;0.000000;0.000000;2306.240000;702187.200000;0.000000;Y;23406.240000;COP;SAP_LANDED_COST_PRICE_AT_WAREHOUSE;LANDED_COST
1315;1315;2014-06-06 00:00:00.000;7;20;3969;1;113;BAN05-Muebles Lavam;CBAN05-0044-000-0364;RH MUEBLE DALI ELEVADO LMV 79X48 HUMO;PN800049527-01;INVAL S A;MP-01;UN;16.000000;122780.000000;$;0.000000;126804.550000;0.000000;0.000000;4024.550000;2028872.800000;0.000000;Y;126804.550000;COP;SAP_LANDED_COST_PRICE_AT_WAREHOUSE;LANDED_COST
1981;1981;2015-09-25 00:00:00.000;11;20;8327;0;113;BAN05-Muebles Lavam;CBAN05-0044-000-0388;RH MUEBLE DALI ELEVADO LMV 79X48 CAPUCCINO;PN800049527-01;INVAL S A;MP-01;UN;25.000000;134070.000000;$;0.000000;139238.640000;0.000000;0.000000;5168.640000;3480966.000000;0.000000;Y;139238.640000;COP;SAP_LANDED_COST_PRICE_AT_WAREHOUSE;LANDED_COST
1315;1315;2014-06-06 00:00:00.000;8;20;3970;1;113;BAN05-Muebles Lavam;CBAN05-0044-000-0392;RH MUEBLE DALI ELEVADO LMV 79X48 WENGUE;PN800049527-01;INVAL S A;MP-01;UN;11.000000;122780.000000;$;0.000000;126804.550000;0.000000;0.000000;4024.550000;1394850.050000;0.000000;Y;126804.550000;COP;SAP_LANDED_COST_PRICE_AT_WAREHOUSE;LANDED_COST
1085;1085;2014-03-25 00:00:00.000;0;20;3330;0;113;BAN05-Muebles Lavam;CBAN05-0044-000-0393;RH MUEBLE DALI ELEVADO LMV 79X48 CAOBA;PN800049527-01;INVAL S A;MP-01;UN;30.000000;122780.000000;$;0.000000;126860.300000;0.000000;0.000000;4080.300000;3805809.000000;0.000000;Y;126860.300000;COP;SAP_LANDED_COST_PRICE_AT_WAREHOUSE;LANDED_COST
2289;2289;2016-07-19 00:00:00.000;3;20;10384;0;113;BAN05-Muebles Lavam;CBAN05-0047-000-0364;RH MUEBLE DALI ELEVADO 63X48 HUMO;PN800049527-01;INVAL S A;MP-01;UN;92.000000;122780.000000;$;0.000000;131309.330000;0.000000;0.000000;8529.330000;12080458.360000;0.000000;Y;131309.330000;COP;SAP_LANDED_COST_PRICE_AT_WAREHOUSE;LANDED_COST
2153;2153;2016-03-07 00:00:00.000;0;20;9509;0;113;BAN05-Muebles Lavam;CBAN05-0047-000-0392;RH MUEBLE DALI ELEVADO 63X48 WENGUE;PN800049527-01;INVAL S A;MP-01;UN;2.000000;146140.000000;$;0.000000;152869.570000;0.000000;0.000000;6729.570000;305739.140000;0.000000;Y;152869.570000;COP;SAP_LANDED_COST_PRICE_AT_WAREHOUSE;LANDED_COST
2132;2132;2016-02-17 00:00:00.000;2;20;9400;2;113;BAN05-Muebles Lavam;CBAN05-0047-000-0396;RH MUEBLE DALI ELEVADO 63X48 SERENA;PN800049527-01;INVAL S A;MP-01;UN;34.000000;122780.000000;$;0.000000;126944.970000;0.000000;0.000000;4164.970000;4316128.980000;0.000000;Y;126944.970000;COP;SAP_LANDED_COST_PRICE_AT_WAREHOUSE;LANDED_COST
2566;2566;2017-05-08 00:00:00.000;1;20;12181;1;113;BAN05-Muebles Lavam;CBAN05-0048-000-0397;MUEBLE PLUS PISO LVM 63X48 MANIJA CUADR NUEZ;PN800049527-01;INVAL S A;MP-01;UN;30.000000;109500.000000;$;0.000000;120816.060000;0.000000;0.000000;11316.060000;3624481.800000;0.000000;Y;120816.060000;COP;SAP_LANDED_COST_PRICE_AT_WAREHOUSE;LANDED_COST
1547;1547;2014-10-30 00:00:00.000;0;20;5333;0;113;BAN05-Muebles Lavam;CBAN05-0049-000-0392;MUEBLE ELEVADO TRH ANKARA WENGUE;PN800049527-01;INVAL S A;MP-01;UN;10.000000;97292.000000;$;0.000000;101240.960000;0.000000;0.000000;3948.960000;1012409.600000;0.000000;Y;101240.960000;COP;SAP_LANDED_COST_PRICE_AT_WAREHOUSE;LANDED_COST
1596;1596;2014-12-05 00:00:00.000;8;20;5656;0;113;BAN05-Muebles Lavam;CBAN05-0050-000-0397;RH MUEBLE PLUS PISO LVM 79X48 NUEZ;PN800049527-01;INVAL S A;MP-01;UN;6.000000;99780.000000;$;0.000000;110422.800000;0.000000;0.000000;10642.800000;662536.800000;0.000000;Y;110422.800000;COP;SAP_LANDED_COST_PRICE_AT_WAREHOUSE;LANDED_COST
2318;2318;2016-08-11 00:00:00.000;1;20;10529;0;113;BAN05-Muebles Lavam;CBAN05-0051-000-0100;MUEBLE VALDEZ ELEVADO LVM 48X43 BLANCO;PN800049527-01;INVAL S A;MP-01;UN;66.000000;87280.000000;$;0.000000;90297.040000;0.000000;0.000000;3017.040000;5959604.640000;0.000000;Y;90297.040000;COP;SAP_LANDED_COST_PRICE_AT_WAREHOUSE;LANDED_COST
2156;2156;2016-03-08 00:00:00.000;0;20;9516;0;114;BAN06-Gabinetes baño;CBAN06-0001-000-0392;GABINETE SUPERIOR BAÑO 40CM WENGUE;PN800049527-01;INVAL S A;MP-01;UN;10.000000;63560.000000;$;0.000000;65798.090000;0.000000;0.000000;2238.090000;657980.900000;0.000000;Y;65798.090000;COP;SAP_LANDED_COST_PRICE_AT_WAREHOUSE;LANDED_COST
2100;2100;2016-01-25 00:00:00.000;1;20;9225;6;114;BAN06-Gabinetes baño;CBAN06-0002-000-0361;GABINETE SUPERIOR BAÑO 60CM MACANA;PN800049527-01;INVAL S A;MP-01;UN;20.000000;67680.000000;$;0.000000;70096.110000;0.000000;0.000000;2416.110000;1401922.200000;0.000000;Y;70096.110000;COP;SAP_LANDED_COST_PRICE_AT_WAREHOUSE;LANDED_COST
2111;2111;2016-01-29 00:00:00.000;1;20;9268;0;114;BAN06-Gabinetes baño;CBAN06-0002-000-0392;GABINETE SUPERIOR BAÑO 60CM WENGUE;PN800049527-01;INVAL S A;MP-01;UN;21.000000;67680.000000;$;0.000000;70272.770000;0.000000;0.000000;2592.770000;1475728.170000;0.000000;Y;70272.770000;COP;SAP_LANDED_COST_PRICE_AT_WAREHOUSE;LANDED_COST
2100;2100;2016-01-25 00:00:00.000;2;20;9225;7;114;BAN06-Gabinetes baño;CBAN06-0002-000-0396;GABINETE SUPERIOR BAÑO 60CM SERENA;PN800049527-01;INVAL S A;MP-01;UN;20.000000;67680.000000;$;0.000000;70096.110000;0.000000;0.000000;2416.110000;1401922.200000;0.000000;Y;70096.110000;COP;SAP_LANDED_COST_PRICE_AT_WAREHOUSE;LANDED_COST
2100;2100;2016-01-25 00:00:00.000;3;20;9225;8;114;BAN06-Gabinetes baño;CBAN06-0002-000-0397;GABINETE SUPERIOR BAÑO 60CM NUEZ;PN800049527-01;INVAL S A;MP-01;UN;20.000000;67680.000000;$;0.000000;70096.110000;0.000000;0.000000;2416.110000;1401922.200000;0.000000;Y;70096.110000;COP;SAP_LANDED_COST_PRICE_AT_WAREHOUSE;LANDED_COST
1558;1558;2014-11-07 00:00:00.000;3;20;5421;0;114;BAN06-Gabinetes baño;CBAN06-0003-000-0392;GABINETE SUPERIOR BAÑO 75CM WENGUE;PN800049527-01;INVAL S A;MP-01;UN;33.000000;76600.000000;$;0.000000;79834.560000;0.000000;0.000000;3234.560000;2634540.480000;0.000000;Y;79834.560000;COP;SAP_LANDED_COST_PRICE_AT_WAREHOUSE;LANDED_COST
583;583;2013-10-10 00:00:00.000;0;20;2024;8;114;BAN06-Gabinetes baño;CBAN06-0007-000-0392;RH GABINETE SUPERIOR BAÑO 40CM WENGUE;PN800049527-01;INVAL S A;MP-01;UN;90.000000;46113.000000;$;0.000000;47614.490000;0.000000;0.000000;1501.490000;4285304.100000;0.000000;Y;47614.490000;COP;SAP_LANDED_COST_PRICE_AT_WAREHOUSE;LANDED_COST
2129;2129;2016-02-16 00:00:00.000;7;20;9382;3;114;BAN06-Gabinetes baño;CBAN06-0008-000-0361;RH GABINETE SUPERIOR BAÑO 60CM MACANA;PN800049527-01;INVAL S A;MP-01;UN;10.000000;69320.000000;$;0.000000;71838.890000;0.000000;0.000000;2518.890000;718388.900000;0.000000;Y;71838.890000;COP;SAP_LANDED_COST_PRICE_AT_WAREHOUSE;LANDED_COST
1336;1336;2014-06-16 00:00:00.000;0;20;4061;0;114;BAN06-Gabinetes baño;CBAN06-0008-000-0364;RH GABINETE SUPERIOR BAÑO 60CM HUMO;PN800049527-01;INVAL S A;MP-01;UN;7.000000;63485.000000;$;0.000000;66194.200000;0.000000;0.000000;2709.200000;463359.400000;0.000000;Y;66194.200000;COP;SAP_LANDED_COST_PRICE_AT_WAREHOUSE;LANDED_COST
2023;2023;2015-11-06 00:00:00.000;5;20;8639;3;114;BAN06-Gabinetes baño;CBAN06-0008-000-0392;RH GABINETE SUPERIOR BAÑO 60CM WENGUE;PN800049527-01;INVAL S A;MP-01;UN;4.000000;69320.000000;$;0.000000;71995.780000;0.000000;0.000000;2675.780000;287983.120000;0.000000;Y;71995.780000;COP;SAP_LANDED_COST_PRICE_AT_WAREHOUSE;LANDED_COST
2156;2156;2016-03-08 00:00:00.000;1;20;9517;0;114;BAN06-Gabinetes baño;CBAN06-0008-000-0397;RH GABINETE SUPERIOR BAÑO 60CM NUEZ;PN800049527-01;INVAL S A;MP-01;UN;3.000000;75560.000000;$;0.000000;78220.630000;0.000000;0.000000;2660.630000;234661.890000;0.000000;Y;78220.630000;COP;SAP_LANDED_COST_PRICE_AT_WAREHOUSE;LANDED_COST
1948;1948;2015-09-05 00:00:00.000;9;20;8111;0;114;BAN06-Gabinetes baño;CBAN06-0009-000-0392;RH GABINETE SUPERIOR BAÑO 40CM CON PUERTA WENGUE;PN800049527-01;INVAL S A;MP-01;UN;11.000000;63485.000000;$;0.000000;65042.880000;0.000000;0.000000;1557.880000;715471.680000;0.000000;Y;65042.880000;COP;SAP_LANDED_COST_PRICE_AT_WAREHOUSE;LANDED_COST
2505;2505;2017-03-02 00:00:00.000;0;20;11868;0;114;BAN06-Gabinetes baño;CBAN06-0010-000-0402;GABINETE SUPERIOR ARMADO BAÑO 40CM CON PUERTA BRIXTON;PN800049527-01;INVAL S A;MP-01;UN;60.000000;65180.000000;$;0.000000;67662.660000;0.000000;0.000000;2482.660000;4059759.600000;0.000000;Y;67662.660000;COP;SAP_LANDED_COST_PRICE_AT_WAREHOUSE;LANDED_COST
2505;2505;2017-03-02 00:00:00.000;1;20;11868;1;114;BAN06-Gabinetes baño;CBAN06-0011-000-0402;GABINETE SUPERIOR ARMADO BAÑO 60CM BRIXTON;PN800049527-01;INVAL S A;MP-01;UN;30.000000;73770.000000;$;0.000000;76579.850000;0.000000;0.000000;2809.850000;2297395.500000;0.000000;Y;76579.850000;COP;SAP_LANDED_COST_PRICE_AT_WAREHOUSE;LANDED_COST
2507;2507;2017-03-10 00:00:00.000;0;20;11885;0;114;BAN06-Gabinetes baño;CBAN06-0011-000-0406;GABINETE SUPERIOR ARMADO BAÑO 60CM AMARETTO;PN71794695-01;MONSALVE ARROYAVE JORGE HUGO;MP-01;UN;2.000000;125000.000000;$;0.000000;126790.000000;0.000000;0.000000;1790.000000;253580.000000;0.000000;Y;126790.000000;COP;SAP_LANDED_COST_PRICE_AT_WAREHOUSE;LANDED_COST
1921;1921;2015-08-15 00:00:00.000;5;20;7898;0;118;COC01-Mueble cocina;CCOC01-0005-000-0364;RH MUEBLE INFERIOR COCINA 120 CM HUMO;PN800049527-01;INVAL S A;MP-01;UN;1.000000;148030.000000;$;0.000000;159845.840000;0.000000;0.000000;11815.840000;159845.840000;0.000000;Y;159845.840000;COP;SAP_LANDED_COST_PRICE_AT_WAREHOUSE;LANDED_COST
1734;1734;2015-04-07 00:00:00.000;5;20;6627;0;118;COC01-Mueble cocina;CCOC01-0005-000-0390;RH MUEBLE INFERIOR COCINA 120 CM CEDRO;PN800049527-01;INVAL S A;MP-01;UN;2.000000;148030.000000;$;0.000000;161616.900000;0.000000;0.000000;13586.900000;323233.800000;0.000000;Y;161616.900000;COP;SAP_LANDED_COST_PRICE_AT_WAREHOUSE;LANDED_COST
1397;1397;2014-07-18 00:00:00.000;4;20;4353;0;118;COC01-Mueble cocina;CCOC01-0005-000-0392;RH MUEBLE INFERIOR COCINA 120 CM WENGUE;PN800049527-01;INVAL S A;MP-01;UN;2.000000;145128.000000;$;0.000000;165391.090000;0.000000;0.000000;20263.090000;330782.180000;0.000000;Y;165391.090000;COP;SAP_LANDED_COST_PRICE_AT_WAREHOUSE;LANDED_COST
1668;1668;2015-02-04 00:00:00.000;0;20;6094;1;118;COC01-Mueble cocina;CCOC01-0006-000-0390;RH MUEBLE SUPERIOR COCINA 120 CM CEDRO;PN800049527-01;INVAL S A;MP-01;UN;15.000000;121760.000000;$;0.000000;126430.310000;0.000000;0.000000;4670.310000;1896454.650000;0.000000;Y;126430.310000;COP;SAP_LANDED_COST_PRICE_AT_WAREHOUSE;LANDED_COST
3252;3252;2020-04-22 00:00:00.000;0;20;1524;0;118;COC01-Mueble cocina;CCOC01-0009-000-0392;RH MUEBLE INFERIOR COCINA 150 CM WENGUE;PN800049527-01;INVAL S A;MP-01;UN;45.000000;163875.000000;$;0.000000;165406.050000;0.000000;0.000000;1531.050000;7443272.330000;0.000000;Y;165406.050000;COP;SAP_LANDED_COST_PRICE_AT_WAREHOUSE;LANDED_COST
650;650;2013-10-17 00:00:00.000;0;20;2124;0;118;COC01-Mueble cocina;CCOC01-0009-000-0396;RH MUEBLE INFERIOR COCINA 150 CM SERENA;PN800049527-01;INVAL S A;MP-01;UN;1.000000;155681.000000;$;0.000000;168107.740000;0.000000;0.000000;12426.740000;168107.740000;0.000000;Y;168107.740000;COP;SAP_LANDED_COST_PRICE_AT_WAREHOUSE;LANDED_COST
1690;1690;2015-02-20 00:00:00.000;0;20;6269;0;118;COC01-Mueble cocina;CCOC01-0010-000-0392;RH MUEBLE SUPERIOR COCINA 150 CM WENGUE;PN800049527-01;INVAL S A;MP-01;UN;8.000000;135109.000000;$;0.000000;151249.780000;0.000000;0.000000;16140.780000;1209998.240000;0.000000;Y;151249.780000;COP;SAP_LANDED_COST_PRICE_AT_WAREHOUSE;LANDED_COST
2026;2026;2015-11-11 00:00:00.000;0;20;8693;0;118;COC01-Mueble cocina;CCOC01-0013-000-0100;RH MUEBLE INFERIOR COCINA 180 5GV BLANCO;PN800049527-01;INVAL S A;MP-01;UN;1.000000;342810.000000;$;0.000000;365796.380000;0.000000;0.000000;22986.380000;365796.380000;0.000000;Y;365796.380000;COP;SAP_LANDED_COST_PRICE_AT_WAREHOUSE;LANDED_COST
1725;1725;2015-03-27 00:00:00.000;13;20;6584;0;118;COC01-Mueble cocina;CCOC01-0013-000-0387;RH MUEBLE INFERIOR COCINA 180 CM 5 GAVETAS CHANTILLI;PN800049527-01;INVAL S A;MP-01;UN;32.000000;326490.000000;$;0.000000;352457.140000;0.000000;0.000000;25967.140000;11278628.480000;0.000000;Y;352457.140000;COP;SAP_LANDED_COST_PRICE_AT_WAREHOUSE;LANDED_COST
2909;2909;2018-10-02 00:00:00.000;0;20;909;0;118;COC01-Mueble cocina;CCOC01-0013-000-0392;RH MUEBLE INFERIOR COCINA 180 CM 5 GAVETAS WENGUE;PN800049527-01;INVAL S A;MP-01;UN;12.000000;313928.000000;$;0.000000;315494.450000;0.000000;0.000000;1566.450000;3785933.370000;0.000000;Y;315494.450000;COP;SAP_LANDED_COST_PRICE_AT_WAREHOUSE;LANDED_COST
2028;2028;2015-11-11 00:00:00.000;0;20;8694;0;118;COC01-Mueble cocina;CCOC01-0014-000-0100;RH MUEBLE SUPERIOR COCINA 180 BLANCO;PN800049527-01;INVAL S A;MP-01;UN;1.000000;186780.000000;$;0.000000;205998.960000;0.000000;0.000000;19218.960000;205998.960000;0.000000;Y;205998.960000;COP;SAP_LANDED_COST_PRICE_AT_WAREHOUSE;LANDED_COST
1726;1726;2015-03-27 00:00:00.000;0;20;6583;1;118;COC01-Mueble cocina;CCOC01-0014-000-0387;RH MUEBLE SUPERIOR COCINA 180 CM CHANTILLI;PN800049527-01;INVAL S A;MP-01;UN;32.000000;177890.000000;$;0.000000;196208.960000;0.000000;0.000000;18318.960000;6278686.720000;0.000000;Y;196208.960000;COP;SAP_LANDED_COST_PRICE_AT_WAREHOUSE;LANDED_COST
2909;2909;2018-10-02 00:00:00.000;1;20;909;1;118;COC01-Mueble cocina;CCOC01-0014-000-0392;RH MUEBLE SUPERIOR COCINA 180 CM WENGUE;PN800049527-01;INVAL S A;MP-01;UN;12.000000;167818.000000;$;0.000000;168655.380000;0.000000;0.000000;837.380000;2023864.600000;0.000000;Y;168655.380000;COP;SAP_LANDED_COST_PRICE_AT_WAREHOUSE;LANDED_COST
1874;1874;2015-07-06 00:00:00.000;12;20;7469;0;118;COC01-Mueble cocina;CCOC01-0015-000-0364;RH MUEBLE INFERIOR COCINA 100 CM HUMO;PN800049527-01;INVAL S A;MP-01;UN;1.000000;138970.000000;$;0.000000;152977.330000;0.000000;0.000000;14007.330000;152977.330000;0.000000;Y;152977.330000;COP;SAP_LANDED_COST_PRICE_AT_WAREHOUSE;LANDED_COST
959;959;2014-02-13 00:00:00.000;0;20;2984;0;118;COC01-Mueble cocina;CCOC01-0015-000-0392;RH MUEBLE INFERIOR COCINA 100 CM WENGUE;PN800049527-01;INVAL S A;MP-01;UN;15.000000;114304.000000;$;0.000000;127949.230000;0.000000;0.000000;13645.230000;1919238.450000;0.000000;Y;127949.230000;COP;SAP_LANDED_COST_PRICE_AT_WAREHOUSE;LANDED_COST
1030;1030;2014-03-06 00:00:00.000;0;20;3168;0;118;COC01-Mueble cocina;CCOC01-0016-000-0392;RH MUEBLE SUPERIOR COCINA 100 CM WENGUE;PN800049527-01;INVAL S A;MP-01;UN;5.000000;102647.000000;$;0.000000;118647.590000;0.000000;0.000000;16000.590000;593237.950000;0.000000;Y;118647.590000;COP;SAP_LANDED_COST_PRICE_AT_WAREHOUSE;LANDED_COST
52;52;2013-02-01 00:00:00.000;0;20;237;0;118;COC01-Mueble cocina;CCOC01-0017-000-0392;RH MUEBLE INFERIOR COCINA 180 3 GAVETAS 4 PUERTAS WENGUE;PN800049527-01;INVAL S A;MP-01;UN;45.000000;313928.000000;$;0.000000;334369.070000;0.000000;0.000000;20441.070000;15046608.150000;0.000000;Y;334369.070000;COP;SAP_LANDED_COST_PRICE_AT_WAREHOUSE;LANDED_COST
1855;1855;2015-06-30 00:00:00.000;0;20;7417;0;118;COC01-Mueble cocina;CCOC01-0018-000-0392;RH MUEBLE SUPERIOR COCINA 150 CM CAMPANA WENGUE;PN800049527-01;INVAL S A;MP-01;UN;1.000000;138260.000000;$;0.000000;179265.220000;0.000000;0.000000;41005.220000;179265.220000;0.000000;Y;179265.220000;COP;SAP_LANDED_COST_PRICE_AT_WAREHOUSE;LANDED_COST
651;651;2013-10-17 00:00:00.000;0;20;2125;0;118;COC01-Mueble cocina;CCOC01-0018-000-0398;RH MUEBLE SUPERIOR COCINA 150 CM CAMPANA LINO LATTE;PN800049527-01;INVAL S A;MP-01;UN;1.000000;123908.000000;$;0.000000;141052.810000;0.000000;0.000000;17144.810000;141052.810000;0.000000;Y;141052.810000;COP;SAP_LANDED_COST_PRICE_AT_WAREHOUSE;LANDED_COST
1775;1775;2015-05-08 00:00:00.000;0;20;6969;0;118;COC01-Mueble cocina;CCOC01-0019-000-0100;MUEBLE SUPERIOR COCINA OPALO 120CM CANTO 2MM BLANCO;PN800049527-01;INVAL S A;MP-01;UN;1.000000;130850.000000;$;0.000000;149111.830000;0.000000;0.000000;18261.830000;149111.830000;0.000000;Y;149111.830000;COP;SAP_LANDED_COST_PRICE_AT_WAREHOUSE;LANDED_COST
2202;2202;2016-04-20 00:00:00.000;2;20;9825;0;118;COC01-Mueble cocina;CCOC01-0019-000-0364;MUEBLE SUPERIOR COCINA OPALO 120CM CANTO 2MM HUMO;PN800049527-01;INVAL S A;MP-01;UN;1.000000;149760.000000;$;0.000000;154820.220000;0.000000;0.000000;5060.220000;154820.220000;0.000000;Y;154820.220000;COP;SAP_LANDED_COST_PRICE_AT_WAREHOUSE;LANDED_COST
1380;1380;2014-07-03 00:00:00.000;1;20;4228;0;118;COC01-Mueble cocina;CCOC01-0019-000-0393;MUEBLE SUPERIOR COCINA OPALO 120CM CANTO 2MM CAOBA;PN800049527-01;INVAL S A;MP-01;UN;2.000000;123440.000000;$;0.000000;138875.060000;0.000000;0.000000;15435.060000;277750.120000;0.000000;Y;138875.060000;COP;SAP_LANDED_COST_PRICE_AT_WAREHOUSE;LANDED_COST
2412;2412;2016-10-25 00:00:00.000;3;20;11037;4;118;COC01-Mueble cocina;CCOC01-0021-000-0363;MUEBLE SUPERIOR COCINA OPALO 150CM CON CAMPANA CANTO 2MM VOLCANO;PN800049527-01;INVAL S A;MP-01;UN;46.000000;152642.000000;$;0.000000;174646.970000;0.000000;0.000000;22004.970000;8033760.620000;0.000000;Y;174646.970000;COP;SAP_LANDED_COST_PRICE_AT_WAREHOUSE;LANDED_COST
2419;2419;2016-11-02 00:00:00.000;0;20;11091;0;118;COC01-Mueble cocina;CCOC01-0021-000-0364;MUEBLE SUPERIOR COCINA OPALO 150CM CON CAMPANA CANTO 2MM HUMO;PN800049527-01;INVAL S A;MP-01;UN;30.000000;152642.000000;$;0.000000;176465.620000;0.000000;0.000000;23823.620000;5293968.600000;0.000000;Y;176465.620000;COP;SAP_LANDED_COST_PRICE_AT_WAREHOUSE;LANDED_COST
2449;2449;2016-12-19 00:00:00.000;1;20;11446;0;118;COC01-Mueble cocina;CCOC01-0022-000-0363;MUEBLE INFERIOR COCINA OPALO 150CM CANTO 2MM VOLCANO;PN800049527-01;INVAL S A;MP-01;UN;41.000000;169100.000000;$;0.000000;187200.370000;0.000000;0.000000;18100.370000;7675215.170000;0.000000;Y;187200.370000;COP;SAP_LANDED_COST_PRICE_AT_WAREHOUSE;LANDED_COST
2417;2417;2016-11-02 00:00:00.000;0;20;11092;1;118;COC01-Mueble cocina;CCOC01-0022-000-0364;MUEBLE INFERIOR COCINA OPALO 150CM CANTO 2MM HUMO;PN800049527-01;INVAL S A;MP-01;UN;32.000000;169100.000000;$;0.000000;183537.110000;0.000000;0.000000;14437.110000;5873187.520000;0.000000;Y;183537.110000;COP;SAP_LANDED_COST_PRICE_AT_WAREHOUSE;LANDED_COST
2487;2487;2017-02-16 00:00:00.000;0;20;11789;0;118;COC01-Mueble cocina;CCOC01-0023-000-0363;MUEBLE SUPERIOR COCINA OPALO 180CM CANTO 2MM VOLCANO;PN800049527-01;INVAL S A;MP-01;UN;1.000000;184180.000000;$;0.000000;190404.320000;0.000000;0.000000;6224.320000;190404.320000;0.000000;Y;190404.320000;COP;SAP_LANDED_COST_PRICE_AT_WAREHOUSE;LANDED_COST
2412;2412;2016-10-25 00:00:00.000;1;20;11037;1;118;COC01-Mueble cocina;CCOC01-0023-000-0364;MUEBLE SUPERIOR COCINA OPALO 180CM CANTO 2MM HUMO;PN800049527-01;INVAL S A;MP-01;UN;22.000000;184180.000000;$;0.000000;210731.510000;0.000000;0.000000;26551.510000;4636093.220000;0.000000;Y;210731.510000;COP;SAP_LANDED_COST_PRICE_AT_WAREHOUSE;LANDED_COST
1982;1982;2015-09-28 00:00:00.000;0;20;8333;0;118;COC01-Mueble cocina;CCOC01-0023-000-0387;MUEBLE SUPERIOR COCINA OPALO 180CM CANTO 2MM CHANTILLI;PN800049527-01;INVAL S A;MP-01;UN;1.000000;168970.000000;$;0.000000;200870.000000;0.000000;0.000000;31900.000000;200870.000000;0.000000;Y;200870.000000;COP;SAP_LANDED_COST_PRICE_AT_WAREHOUSE;LANDED_COST
1380;1380;2014-07-03 00:00:00.000;2;20;4229;1;118;COC01-Mueble cocina;CCOC01-0023-000-0393;MUEBLE SUPERIOR COCINA OPALO 180CM CANTO 2MM CAOBA;PN800049527-01;INVAL S A;MP-01;UN;2.000000;149000.000000;$;0.000000;167631.100000;0.000000;0.000000;18631.100000;335262.200000;0.000000;Y;167631.100000;COP;SAP_LANDED_COST_PRICE_AT_WAREHOUSE;LANDED_COST
2411;2411;2016-10-25 00:00:00.000;0;20;11036;0;118;COC01-Mueble cocina;CCOC01-0024-000-0363;MUEBLE INFERIOR COCINA OPALO 180CM CANTO 2MM VOLCANO;PN800049527-01;INVAL S A;MP-01;UN;28.000000;344430.000000;$;0.000000;368049.980000;0.000000;0.000000;23619.980000;10305399.440000;0.000000;Y;368049.980000;COP;SAP_LANDED_COST_PRICE_AT_WAREHOUSE;LANDED_COST
2411;2411;2016-10-25 00:00:00.000;1;20;11036;3;118;COC01-Mueble cocina;CCOC01-0024-000-0364;MUEBLE INFERIOR COCINA OPALO 180CM CANTO 2MM HUMO;PN800049527-01;INVAL S A;MP-01;UN;27.000000;344430.000000;$;0.000000;368049.980000;0.000000;0.000000;23619.980000;9937349.460000;0.000000;Y;368049.980000;COP;SAP_LANDED_COST_PRICE_AT_WAREHOUSE;LANDED_COST
1992;1992;2015-10-06 00:00:00.000;17;20;8393;0;118;COC01-Mueble cocina;CCOC01-0024-000-0387;MUEBLE INFERIOR COCINA OPALO 180CM CANTO 2MM CHANTILLI;PN800049527-01;INVAL S A;MP-01;UN;1.000000;315990.000000;$;0.000000;344036.130000;0.000000;0.000000;28046.130000;344036.130000;0.000000;Y;344036.130000;COP;SAP_LANDED_COST_PRICE_AT_WAREHOUSE;LANDED_COST
1379;1379;2014-07-03 00:00:00.000;4;20;4230;1;118;COC01-Mueble cocina;CCOC01-0024-000-0393;MUEBLE INFERIOR COCINA OPALO 180CM CANTO 2MM CAOBA;PN800049527-01;INVAL S A;MP-01;UN;2.000000;283910.000000;$;0.000000;322546.700000;0.000000;0.000000;38636.700000;645093.400000;0.000000;Y;322546.700000;COP;SAP_LANDED_COST_PRICE_AT_WAREHOUSE;LANDED_COST
1773;1773;2015-05-08 00:00:00.000;7;20;6970;0;118;COC01-Mueble cocina;CCOC01-0025-000-0100;MUEBLE INFERIOR BARRA OPALO 120CM CANTO 2MM BLANCO;PN800049527-01;INVAL S A;MP-01;UN;1.000000;204600.000000;$;0.000000;225385.720000;0.000000;0.000000;20785.720000;225385.720000;0.000000;Y;225385.720000;COP;SAP_LANDED_COST_PRICE_AT_WAREHOUSE;LANDED_COST
2237;2237;2016-05-20 00:00:00.000;7;20;10034;0;118;COC01-Mueble cocina;CCOC01-0025-000-0364;MUEBLE INFERIOR BARRA OPALO 120CM CANTO 2MM HUMO;PN800049527-01;INVAL S A;MP-01;UN;1.000000;234160.000000;$;0.000000;243034.610000;0.000000;0.000000;8874.610000;243034.610000;0.000000;Y;243034.610000;COP;SAP_LANDED_COST_PRICE_AT_WAREHOUSE;LANDED_COST
1202;1202;2014-05-05 00:00:00.000;0;20;3638;1;118;COC01-Mueble cocina;CCOC01-0025-000-0387;MUEBLE INFERIOR BARRA OPALO 120CM CANTO 2MM CHANTILLI;PN800049527-01;INVAL S A;MP-01;UN;1.000000;193020.000000;$;0.000000;208570.360000;0.000000;0.000000;15550.360000;208570.360000;0.000000;Y;208570.360000;COP;SAP_LANDED_COST_PRICE_AT_WAREHOUSE;LANDED_COST
2002;2002;2015-10-16 00:00:00.000;5;20;8475;0;118;COC01-Mueble cocina;CCOC01-0025-000-0392;MUEBLE INFERIOR BARRA OPALO 120CM CANTO 2MM WENGUE;PN800049527-01;INVAL S A;MP-01;UN;1.000000;214830.000000;$;0.000000;233349.480000;0.000000;0.000000;18519.480000;233349.480000;0.000000;Y;233349.480000;COP;SAP_LANDED_COST_PRICE_AT_WAREHOUSE;LANDED_COST
1379;1379;2014-07-03 00:00:00.000;5;20;4231;0;118;COC01-Mueble cocina;CCOC01-0025-000-0393;MUEBLE INFERIOR BARRA OPALO 120CM CANTO 2MM CAOBA;PN800049527-01;INVAL S A;MP-01;UN;4.000000;193020.000000;$;0.000000;219287.680000;0.000000;0.000000;26267.680000;877150.720000;0.000000;Y;219287.680000;COP;SAP_LANDED_COST_PRICE_AT_WAREHOUSE;LANDED_COST
2201;2201;2016-04-20 00:00:00.000;5;20;9824;0;118;COC01-Mueble cocina;CCOC01-0026-000-0368;RH MUEBLE SUPERIOR COCINA MURANO 210 CM CANTO 2MM TABACO CHIC;PN800049527-01;INVAL S A;MP-01;UN;1.000000;437380.000000;$;0.000000;450181.130000;0.000000;0.000000;12801.130000;450181.130000;0.000000;Y;450181.130000;COP;SAP_LANDED_COST_PRICE_AT_WAREHOUSE;LANDED_COST
1973;1973;2015-09-18 00:00:00.000;0;20;8237;0;118;COC01-Mueble cocina;CCOC01-0026-000-0373;RH MUEBLE SUPERIOR COCINA MURANO 210 CM CANTO 2MM BLANCO BRILLANTE;PN800049527-01;INVAL S A;MP-01;UN;14.000000;442130.000000;$;0.000000;452302.540000;0.000000;0.000000;10172.540000;6332235.560000;0.000000;Y;452302.540000;COP;SAP_LANDED_COST_PRICE_AT_WAREHOUSE;LANDED_COST
2288;2288;2016-07-19 00:00:00.000;2;20;10383;0;118;COC01-Mueble cocina;CCOC01-0027-000-0368;RH MUEBLE INFERIOR COCINA MURANO 210CM CANTO 2MM TABACO CHIC;PN800049527-01;INVAL S A;MP-01;UN;3.000000;957630.000000;$;0.000000;1082471.940000;0.000000;0.000000;124841.940000;3247415.820000;0.000000;Y;1082471.940000;COP;SAP_LANDED_COST_PRICE_AT_WAREHOUSE;LANDED_COST
2246;2246;2016-05-31 00:00:00.000;0;20;10098;0;118;COC01-Mueble cocina;CCOC01-0027-000-0373;RH MUEBLE INFERIOR COCINA MURANO 210CM CANTO 2MM BLANCO  BRILLANTE;PN800049527-01;INVAL S A;MP-01;UN;1.000000;1170890.000000;$;0.000000;1283216.920000;0.000000;0.000000;112326.920000;1283216.920000;0.000000;Y;1283216.920000;COP;SAP_LANDED_COST_PRICE_AT_WAREHOUSE;LANDED_COST
1315;1315;2014-06-06 00:00:00.000;17;20;3979;0;118;COC01-Mueble cocina;CCOC01-0028-000-0368;MUEBLE CAMPANA 70X45X45 MURANO CANTO 2MM TABACO CHIC;PN800049527-01;INVAL S A;MP-01;UN;1.000000;53869.000000;$;0.000000;55634.750000;0.000000;0.000000;1765.750000;55634.750000;0.000000;Y;55634.750000;COP;SAP_LANDED_COST_PRICE_AT_WAREHOUSE;LANDED_COST
1781;1781;2015-05-12 00:00:00.000;1;20;7012;0;118;COC01-Mueble cocina;CCOC01-0031-000-0373;RH MUEBLE SUPERIOR COCINA MURANO 150 CM CANTO 2MM BLANCO BRILLANTE;PN800049527-01;INVAL S A;MP-01;UN;1.000000;487980.000000;$;0.000000;508901.220000;0.000000;0.000000;20921.220000;508901.220000;0.000000;Y;508901.220000;COP;SAP_LANDED_COST_PRICE_AT_WAREHOUSE;LANDED_COST
1782;1782;2015-05-12 00:00:00.000;1;20;7011;1;118;COC01-Mueble cocina;CCOC01-0032-000-0373;RH MUEBLE INFERIOR BARRA COCINA MURANO 150 CM CANTO 2MM BLANCO  BRILLANTE;PN800049527-01;INVAL S A;MP-01;UN;2.000000;596780.000000;$;0.000000;629050.210000;0.000000;0.000000;32270.210000;1258100.420000;0.000000;Y;629050.210000;COP;SAP_LANDED_COST_PRICE_AT_WAREHOUSE;LANDED_COST
1992;1992;2015-10-06 00:00:00.000;18;20;8395;0;119;COC02-Alacenas;CCOC02-0001-000-0392;ALACENA COCINA 205X40 CM WENGUE;PN800049527-01;INVAL S A;MP-01;UN;1.000000;165110.000000;$;0.000000;179764.570000;0.000000;0.000000;14654.570000;179764.570000;0.000000;Y;179764.570000;COP;SAP_LANDED_COST_PRICE_AT_WAREHOUSE;LANDED_COST
1773;1773;2015-05-08 00:00:00.000;0;20;6959;0;119;COC02-Alacenas;CCOC02-0002-000-0392;ALACENA COCINA 205X60 CM WENGUE;PN800049527-01;INVAL S A;MP-01;UN;1.000000;175790.000000;$;0.000000;193648.850000;0.000000;0.000000;17858.850000;193648.850000;0.000000;Y;193648.850000;COP;SAP_LANDED_COST_PRICE_AT_WAREHOUSE;LANDED_COST
2056;2056;2015-12-03 00:00:00.000;0;20;8921;0;119;COC02-Alacenas;CCOC02-0003-000-0392;MUEBLE 70X45x45 WENGUE PARA CAMPANA;PN800049527-01;INVAL S A;MP-01;UN;20.000000;59960.000000;$;0.000000;62312.550000;0.000000;0.000000;2352.550000;1246251.000000;0.000000;Y;62312.550000;COP;SAP_LANDED_COST_PRICE_AT_WAREHOUSE;LANDED_COST
1441;1441;2014-08-13 00:00:00.000;33;20;4612;0;119;COC02-Alacenas;CCOC02-0005-000-0392;RH ALACENA COCINA 205X40 WENGUE;PN800049527-01;INVAL S A;MP-01;UN;1.000000;189677.000000;$;0.000000;212351.740000;0.000000;0.000000;22674.740000;212351.740000;0.000000;Y;212351.740000;COP;SAP_LANDED_COST_PRICE_AT_WAREHOUSE;LANDED_COST
1948;1948;2015-09-05 00:00:00.000;5;20;8095;1;119;COC02-Alacenas;CCOC02-0009-000-0364;MUEBLE ESQUINERO 55X55CM OPALO CANTO 2MM HUMO;PN800049527-01;INVAL S A;MP-01;UN;10.000000;107220.000000;$;0.000000;109851.100000;0.000000;0.000000;2631.100000;1098511.000000;0.000000;Y;109851.100000;COP;SAP_LANDED_COST_PRICE_AT_WAREHOUSE;LANDED_COST
1381;1381;2014-07-03 00:00:00.000;3;20;4232;0;119;COC02-Alacenas;CCOC02-0009-000-0393;MUEBLE ESQUINERO 55X55CM OPALO CANTO 2MM CAOBA;PN800049527-01;INVAL S A;MP-01;UN;2.000000;97226.000000;$;0.000000;101964.010000;0.000000;0.000000;4738.010000;203928.020000;0.000000;Y;101964.010000;COP;SAP_LANDED_COST_PRICE_AT_WAREHOUSE;LANDED_COST
2084;2084;2016-01-06 00:00:00.000;2;20;9127;0;119;COC02-Alacenas;CCOC02-0010-000-0363;ALACENA COCINA 205X40 CM OPALO CANTO 2MM VOLCANO;PN800049527-01;INVAL S A;MP-01;UN;2.000000;165110.000000;$;0.000000;184177.170000;0.000000;0.000000;19067.170000;368354.340000;0.000000;Y;184177.170000;COP;SAP_LANDED_COST_PRICE_AT_WAREHOUSE;LANDED_COST
2173;2173;2016-03-17 00:00:00.000;0;20;9617;0;119;COC02-Alacenas;CCOC02-0010-000-0364;ALACENA COCINA 205X40 CM OPALO CANTO 2MM HUMO;PN800049527-01;INVAL S A;MP-01;UN;6.000000;179970.000000;$;0.000000;196149.600000;0.000000;0.000000;16179.600000;1176897.600000;0.000000;Y;196149.600000;COP;SAP_LANDED_COST_PRICE_AT_WAREHOUSE;LANDED_COST
1706;1706;2015-03-16 00:00:00.000;0;20;6441;0;119;COC02-Alacenas;CCOC02-0010-000-0390;ALACENA COCINA 205X40 CM OPALO CANTO 2MM CEDRO;PN800049527-01;INVAL S A;MP-01;UN;1.000000;157250.000000;$;0.000000;212450.000000;0.000000;0.000000;55200.000000;212450.000000;0.000000;Y;212450.000000;COP;SAP_LANDED_COST_PRICE_AT_WAREHOUSE;LANDED_COST
2439;2439;2016-12-02 00:00:00.000;3;20;11318;1;119;COC02-Alacenas;CCOC02-0011-000-0363;ALACENA COCINA 205X60 CM OPALO CANTO 2MM VOLCANO;PN800049527-01;INVAL S A;MP-01;UN;12.000000;223080.000000;$;0.000000;243204.650000;0.000000;0.000000;20124.650000;2918455.800000;0.000000;Y;243204.650000;COP;SAP_LANDED_COST_PRICE_AT_WAREHOUSE;LANDED_COST
2439;2439;2016-12-02 00:00:00.000;2;20;11318;0;119;COC02-Alacenas;CCOC02-0011-000-0364;ALACENA COCINA 205X60 CM OPALO CANTO 2MM HUMO;PN800049527-01;INVAL S A;MP-01;UN;13.000000;223080.000000;$;0.000000;243204.650000;0.000000;0.000000;20124.650000;3161660.450000;0.000000;Y;243204.650000;COP;SAP_LANDED_COST_PRICE_AT_WAREHOUSE;LANDED_COST
2278;2278;2016-06-28 00:00:00.000;9;20;10288;3;119;COC02-Alacenas;CCOC02-0011-000-0390;ALACENA COCINA 205X60 CM OPALO CANTO 2MM CEDRO;PN800049527-01;INVAL S A;MP-01;UN;1.000000;223080.000000;$;0.000000;233732.430000;0.000000;0.000000;10652.430000;233732.430000;0.000000;Y;233732.430000;COP;SAP_LANDED_COST_PRICE_AT_WAREHOUSE;LANDED_COST
1687;1687;2015-02-20 00:00:00.000;0;20;6256;0;119;COC02-Alacenas;CCOC02-0011-000-0392;ALACENA COCINA 205X60 CM OPALO CANTO 2MM WENGUE;PN800049527-01;INVAL S A;MP-01;UN;1.000000;194910.000000;$;0.000000;199151.040000;0.000000;0.000000;4241.040000;199151.040000;0.000000;Y;199151.040000;COP;SAP_LANDED_COST_PRICE_AT_WAREHOUSE;LANDED_COST
1782;1782;2015-05-12 00:00:00.000;0;20;7011;0;119;COC02-Alacenas;CCOC02-0012-000-0373;RH MUEBLE ESQUINERO 90X90CM MURANO CANTO 2MM BLANCO BRILLANTE;PN800049527-01;INVAL S A;MP-01;UN;1.000000;699650.000000;$;0.000000;737482.790000;0.000000;0.000000;37832.790000;737482.790000;0.000000;Y;737482.790000;COP;SAP_LANDED_COST_PRICE_AT_WAREHOUSE;LANDED_COST
1894;1894;2015-07-21 00:00:00.000;0;20;7596;0;119;COC02-Alacenas;CCOC02-0013-000-0373;RH ALACENA 60CM PARA HORNO MURANO CANTO 2MM BLANCO BRILLANTE;PN800049527-01;INVAL S A;MP-01;UN;1.000000;410880.000000;$;0.000000;432562.040000;0.000000;0.000000;21682.040000;432562.040000;0.000000;Y;432562.040000;COP;SAP_LANDED_COST_PRICE_AT_WAREHOUSE;LANDED_COST
1553;1553;2014-10-31 00:00:00.000;4;20;5365;4;145;EMP02-Material empaq;CEMP02-0114-000-0000;LISTON ICOPOR 5X5X100CM;AC900309026-01;INVERSIONES MUNDICOPOR S.A.S;MP-01;UN;1.000000;1224.000000;$;0.000000;3227.290000;0.000000;0.000000;2003.290000;3227.290000;0.000000;Y;3227.290000;COP;SAP_LANDED_COST_PRICE_AT_WAREHOUSE;LANDED_COST
1955;1955;2015-09-08 00:00:00.000;0;20;8150;0;145;EMP02-Material empaq;CEMP02-0157-000-0000;LAMINA ICOPOR 5MM 1X1METRO;AC900309026-01;INVERSIONES MUNDICOPOR S.A.S;MP-01;KG;200.000000;660.600000;$;0.000000;1820.600000;0.000000;0.000000;1160.000000;364120.000000;0.000000;Y;1820.600000;COP;SAP_LANDED_COST_PRICE_AT_WAREHOUSE;LANDED_COST
1880;1880;2015-07-09 00:00:00.000;1;20;7493;1;145;EMP02-Material empaq;CEMP02-0160-000-0000;LAMINA ICOPOR 25MM 1X1METRO;AC900309026-01;INVERSIONES MUNDICOPOR S.A.S;MP-01;KG;150.000000;3304.800000;$;0.000000;5238.310000;0.000000;0.000000;1933.510000;785746.500000;0.000000;Y;5238.310000;COP;SAP_LANDED_COST_PRICE_AT_WAREHOUSE;LANDED_COST
1533;1533;2014-10-20 00:00:00.000;0;20;5279;0;145;EMP02-Material empaq;CEMP02-0167-000-0000;LISTON ICOPOR 210x60CM 25mm;AC900309026-01;INVERSIONES MUNDICOPOR S.A.S;MP-01;UN;100.000000;2040.300000;$;0.000000;2307.010000;0.000000;0.000000;266.710000;230701.000000;0.000000;Y;2307.010000;COP;SAP_LANDED_COST_PRICE_AT_WAREHOUSE;LANDED_COST
1533;1533;2014-10-20 00:00:00.000;1;20;5279;1;145;EMP02-Material empaq;CEMP02-0168-000-0000;LISTON ICOPOR 210x8CM 25mm;AC900309026-01;INVERSIONES MUNDICOPOR S.A.S;MP-01;UN;100.000000;2040.300000;$;0.000000;2307.010000;0.000000;0.000000;266.710000;230701.000000;0.000000;Y;2307.010000;COP;SAP_LANDED_COST_PRICE_AT_WAREHOUSE;LANDED_COST
1533;1533;2014-10-20 00:00:00.000;2;20;5279;2;145;EMP02-Material empaq;CEMP02-0169-000-0000;LISTON ICOPOR 65x8CM 25mm;AC900309026-01;INVERSIONES MUNDICOPOR S.A.S;MP-01;UN;100.000000;2039.400000;$;0.000000;2305.990000;0.000000;0.000000;266.590000;230599.000000;0.000000;Y;2305.990000;COP;SAP_LANDED_COST_PRICE_AT_WAREHOUSE;LANDED_COST
1626;1626;2014-12-22 00:00:00.000;3;20;5840;3;145;EMP02-Material empaq;CEMP02-0170-000-0000;LISTON ICOPOR 80x4CM 5mm PARA LVR 80X60;AC900309026-01;INVERSIONES MUNDICOPOR S.A.S;MP-01;UN;1200.000000;19.130000;$;0.000000;50.850000;0.000000;0.000000;31.720000;61020.000000;0.000000;Y;50.850000;COP;SAP_LANDED_COST_PRICE_AT_WAREHOUSE;LANDED_COST
1626;1626;2014-12-22 00:00:00.000;2;20;5840;2;145;EMP02-Material empaq;CEMP02-0171-000-0000;LISTON ICOPOR 60x4CM 5mm PARA LVR 60X60;AC900309026-01;INVERSIONES MUNDICOPOR S.A.S;MP-01;UN;1200.000000;19.130000;$;0.000000;50.850000;0.000000;0.000000;31.720000;61020.000000;0.000000;Y;50.850000;COP;SAP_LANDED_COST_PRICE_AT_WAREHOUSE;LANDED_COST
1626;1626;2014-12-22 00:00:00.000;1;20;5840;1;145;EMP02-Material empaq;CEMP02-0172-000-0000;LISTON ICOPOR 50x4CM 5mm PARA LVR 48X60;AC900309026-01;INVERSIONES MUNDICOPOR S.A.S;MP-01;UN;1200.000000;19.130000;$;0.000000;50.850000;0.000000;0.000000;31.720000;61020.000000;0.000000;Y;50.850000;COP;SAP_LANDED_COST_PRICE_AT_WAREHOUSE;LANDED_COST
1626;1626;2014-12-22 00:00:00.000;0;20;5840;0;145;EMP02-Material empaq;CEMP02-0176-000-0000;LISTON ICOPOR 48x4CM 5mm PARA LVR 46X51;AC900309026-01;INVERSIONES MUNDICOPOR S.A.S;MP-01;UN;1200.000000;19.130000;$;0.000000;50.850000;0.000000;0.000000;31.720000;61020.000000;0.000000;Y;50.850000;COP;SAP_LANDED_COST_PRICE_AT_WAREHOUSE;LANDED_COST
2552;2552;2017-04-24 00:00:00.000;0;20;12005;0;145;EMP02-Material empaq;CEMP02-0183-000-0000;CAJA LVM SIENA DOBLE 120X51;PN890916155-01;INDUSTRIA PAPELERA INDUGEVI SA;MP-01;UN;518.000000;3456.000000;$;0.000000;3989.010000;0.000000;0.000000;533.010000;2066307.180000;0.000000;Y;3989.010000;COP;SAP_LANDED_COST_PRICE_AT_WAREHOUSE;LANDED_COST
2599;2599;2017-07-31 00:00:00.000;0;20;12207;0;145;EMP02-Material empaq;CEMP02-0208-000-0000;CAJA LVM 124X48 (49X19IN);PN890300406-01;CARTON DE COLOMBIA S A;MP-01;UN;506.000000;3411.000000;$;0.000000;5441.220000;0.000000;0.000000;2030.220000;2753257.320000;0.000000;Y;5441.220000;COP;SAP_LANDED_COST_PRICE_AT_WAREHOUSE;LANDED_COST
2600;2600;2017-07-31 00:00:00.000;0;20;12202;1;145;EMP02-Material empaq;CEMP02-0209-000-0000;CAJA LVM 94X48 (37X19IN);PN890300406-01;CARTON DE COLOMBIA S A;MP-01;UN;520.000000;2960.000000;$;0.000000;4096.030000;0.000000;0.000000;1136.030000;2129935.600000;0.000000;Y;4096.030000;COP;SAP_LANDED_COST_PRICE_AT_WAREHOUSE;LANDED_COST
186;186;2013-04-30 00:00:00.000;0;20;818;0;128;GRI02-Grif DELTA Res;CGRI02-0028-000-0000;DELTA LAVAMANOS ELEMETRO 23025;PE444444592-01;DELTA FAUCET COMPANY;MP-01;UN;10.000000;39.360000;USD;1847.020000;94616.950000;0.000000;0.000000;21918.240000;946169.500000;0.000000;Y;94616.950000;COP;SAP_LANDED_COST_PRICE_AT_WAREHOUSE;LANDED_COST
2691;2691;2017-12-29 00:00:00.000;0;20;13507;0;128;GRI02-Grif DELTA Res;CGRI02-0031-000-0000;DELTA LAVAPLATOS ELEMETRO 23001;PE444444592-01;DELTA FAUCET COMPANY;MP-01;UN;1.000000;61.820000;USD;2971.630000;246160.170000;0.000000;0.000000;62454.000000;246160.170000;0.000000;Y;246160.170000;COP;SAP_LANDED_COST_PRICE_AT_WAREHOUSE;LANDED_COST
2685;2685;2017-12-21 00:00:00.000;0;20;13401;1;128;GRI02-Grif DELTA Res;CGRI02-0049-000-0000;DELTA BRAZO LARGO A 90 ESCUDO CUADRADO RP48332;PE444444592-01;DELTA FAUCET COMPANY;MP-01;UN;6.000000;21.260000;USD;2996.610000;70885.870000;0.000000;0.000000;7171.440000;425315.220000;0.000000;Y;70885.870000;COP;SAP_LANDED_COST_PRICE_AT_WAREHOUSE;LANDED_COST
186;186;2013-04-30 00:00:00.000;1;20;818;1;128;GRI02-Grif DELTA Res;CGRI02-0054-000-0000;DELTA LAVAPLATOS GRAIL 25201-LA;PE444444592-01;DELTA FAUCET COMPANY;MP-01;UN;6.000000;52.560000;USD;1847.020000;126348.250000;0.000000;0.000000;29268.880000;758089.500000;0.000000;Y;126348.250000;COP;SAP_LANDED_COST_PRICE_AT_WAREHOUSE;LANDED_COST
186;186;2013-04-30 00:00:00.000;2;20;818;2;128;GRI02-Grif DELTA Res;CGRI02-0072-000-0000;DELTA LAVAMANOS MANDOLIN 26530DV;PE444444592-01;DELTA FAUCET COMPANY;MP-01;UN;10.000000;83.880000;USD;1847.020000;201637.970000;0.000000;0.000000;46709.930000;2016379.700000;0.000000;Y;201637.970000;COP;SAP_LANDED_COST_PRICE_AT_WAREHOUSE;LANDED_COST
2685;2685;2017-12-21 00:00:00.000;1;20;13401;2;128;GRI02-Grif DELTA Res;CGRI02-0073-000-0000;DELTA LAVAMANOS PARED MANDOLIN 26532;PE444444592-01;DELTA FAUCET COMPANY;MP-01;UN;6.000000;103.420000;USD;2996.610000;344795.010000;0.000000;0.000000;34882.490000;2068770.060000;0.000000;Y;344795.010000;COP;SAP_LANDED_COST_PRICE_AT_WAREHOUSE;LANDED_COST
2685;2685;2017-12-21 00:00:00.000;2;20;13401;3;128;GRI02-Grif DELTA Res;CGRI02-0083-000-0000;DELTA LVP TRINSIC 9159-DST-IN;PE444444592-01;DELTA FAUCET COMPANY;MP-01;UN;1.000000;203.670000;USD;2996.610000;679023.180000;0.000000;0.000000;68695.940000;679023.180000;0.000000;Y;679023.180000;COP;SAP_LANDED_COST_PRICE_AT_WAREHOUSE;LANDED_COST
2685;2685;2017-12-21 00:00:00.000;3;20;13401;4;128;GRI02-Grif DELTA Res;CGRI02-0109-000-0000;DELTA BRAZO Y ESCUDO RP48959;PE444444592-01;DELTA FAUCET COMPANY;MP-01;UN;4.000000;9.520000;USD;2996.610000;31738.840000;0.000000;0.000000;3210.980000;126955.360000;0.000000;Y;31738.840000;COP;SAP_LANDED_COST_PRICE_AT_WAREHOUSE;LANDED_COST
2685;2685;2017-12-21 00:00:00.000;4;20;13401;5;128;GRI02-Grif DELTA Res;CGRI02-0145-000-0000;DELTA ARZO TELEDUCHA 55530;PE444444592-01;DELTA FAUCET COMPANY;MP-01;UN;1.000000;108.170000;USD;2996.610000;360626.870000;0.000000;0.000000;36484.170000;360626.870000;0.000000;Y;360626.870000;COP;SAP_LANDED_COST_PRICE_AT_WAREHOUSE;LANDED_COST
2685;2685;2017-12-21 00:00:00.000;5;20;13401;6;128;GRI02-Grif DELTA Res;CGRI02-0190-000-0000;DELTA REGADERA CUADRADA ISH11006;PE444444592-01;DELTA FAUCET COMPANY;MP-01;UN;8.000000;21.830000;USD;2996.610000;72775.110000;0.000000;0.000000;7362.570000;582200.880000;0.000000;Y;72775.110000;COP;SAP_LANDED_COST_PRICE_AT_WAREHOUSE;LANDED_COST
2685;2685;2017-12-21 00:00:00.000;6;20;13401;7;128;GRI02-Grif DELTA Res;CGRI02-0360-000-0000;DELTA TRIM DUCHA SS SOLO VALVULA ARZO T852260;PE444444592-01;DELTA FAUCET COMPANY;MP-01;UN;8.000000;46.230000;USD;2996.610000;154138.440000;0.000000;0.000000;15594.000000;1233107.520000;0.000000;Y;154138.440000;COP;SAP_LANDED_COST_PRICE_AT_WAREHOUSE;LANDED_COST
3800;3800;2024-09-27 00:00:00.000;0;20;35364;0;141;IPR01-Otros Ind prod;CIPR01-0020-000-0000;TRAPOS PARA LIMPIAR Y BRILLAR;PN901443431-01;SOLUTEXTIL SAS;MP-01;KG;300.000000;5200.000000;$;0.000000;5450.000000;0.000000;0.000000;250.000000;1635000.000000;0.000000;Y;5450.000000;COP;SAP_LANDED_COST_PRICE_AT_WAREHOUSE;LANDED_COST
2831;2831;2018-07-04 00:00:00.000;0;20;14543;0;146;MOL01-MP para moldes;CMOL01-0105-000-0000;GEL COAT VE ROJO MOLDES B-4039;PE444444301-01;HK RESEARCH;MP-01;KG;40.900000;16.040000;USD;2835.780000;69385.180000;0.000000;0.000000;23901.760000;2837853.860000;0.000000;Y;69385.180000;COP;SAP_LANDED_COST_PRICE_AT_WAREHOUSE;LANDED_COST
2290;2290;2016-07-21 00:00:00.000;2;20;10392;0;149;MPD02-Minerales;CMPD02-0001-000-0000;CARBONATO DE CALCIO MALLA 20 (OMYACARB 15 CG 25);PN830027386-01;OMYA ANDINA S A;MP-01;KG;4950.000000;147.680000;$;0.000000;208.290000;0.000000;0.000000;60.610000;1031035.500000;0.000000;Y;208.290000;COP;SAP_LANDED_COST_PRICE_AT_WAREHOUSE;LANDED_COST
3714;3714;2023-08-16 00:00:00.000;0;20;31014;0;149;MPD02-Minerales;CMPD02-0004-000-0000;ARENA MALLA 80;PN890906691-01;ARENAS INDUSTRIALES;MP-01;KG;536.800000;800.000000;$;0.000000;1010.000000;0.000000;0.000000;210.000000;542168.000000;0.000000;Y;1010.000000;COP;SAP_LANDED_COST_PRICE_AT_WAREHOUSE;LANDED_COST
2302;2302;2016-07-26 00:00:00.000;0;20;10430;0;149;MPD02-Minerales;CMPD02-0009-000-0000;CARBONATO MALLA 30-100;PN900149095-01;CALDEA S A;MP-01;KG;14000.000000;118.900000;$;0.000000;347.470000;0.000000;0.000000;228.570000;4864580.000000;0.000000;Y;347.470000;COP;SAP_LANDED_COST_PRICE_AT_WAREHOUSE;LANDED_COST
3681;3681;2023-03-06 00:00:00.000;0;20;29207;0;149;MPD02-Minerales;CMPD02-0011-000-0000;MEZCLA CARBONATO DE CALCIO 15 Y 30-140 (mezcla 11);PN900915945-01;ADQ SAS;MP-01;KG;34000.000000;358.000000;$;0.000000;398.290000;0.000000;0.000000;40.290000;13542000.000000;0.000000;Y;398.290000;COP;SAP_LANDED_COST_PRICE_AT_WAREHOUSE;LANDED_COST
1015;1015;2014-02-28 00:00:00.000;6;20;3141;6;151;MPD04-Acces hidros;CMPD04-0038-000-0000;REGULADOR  AIRE 1/2IN CROMADO;PE444444279-01;INHABILITADO (CHANGZHOU SANDING ELECTROMOTO);MP-01;UN;100.000000;1.000000;USD;1925.750000;2136.040000;0.000000;0.000000;210.290000;213604.000000;0.000000;Y;2136.040000;COP;SAP_LANDED_COST_PRICE_AT_WAREHOUSE;LANDED_COST
1015;1015;2014-02-28 00:00:00.000;8;20;3141;8;151;MPD04-Acces hidros;CMPD04-0041-000-0000;TAPON PVC 1/2IN;PE444444279-01;INHABILITADO (CHANGZHOU SANDING ELECTROMOTO);MP-01;UN;800.000000;0.130000;USD;1925.750000;277.690000;0.000000;0.000000;27.340000;222152.000000;0.000000;Y;277.690000;COP;SAP_LANDED_COST_PRICE_AT_WAREHOUSE;LANDED_COST
1015;1015;2014-02-28 00:00:00.000;9;20;3141;9;151;MPD04-Acces hidros;CMPD04-0043-000-0000;TAPON PVC 1IN;PE444444279-01;INHABILITADO (CHANGZHOU SANDING ELECTROMOTO);MP-01;UN;1300.000000;0.130000;USD;1925.750000;277.690000;0.000000;0.000000;27.340000;360997.000000;0.000000;Y;277.690000;COP;SAP_LANDED_COST_PRICE_AT_WAREHOUSE;LANDED_COST
2955;2955;2018-11-23 00:00:00.000;8;20;15450;8;151;MPD04-Acces hidros;CMPD04-0053-000-0000;TUBERIA FLEXIBLE 1 1/2IN;PE444444279-01;INHABILITADO (CHANGZHOU SANDING ELECTROMOTO);MP-01;MT;510.000000;1.260000;USD;2972.180000;4771.250000;0.000000;0.000000;1026.300000;2433338.600000;0.000000;Y;4771.250000;COP;SAP_LANDED_COST_PRICE_AT_WAREHOUSE;LANDED_COST
1015;1015;2014-02-28 00:00:00.000;10;20;3141;10;151;MPD04-Acces hidros;CMPD04-0056-000-0000;TUBERIA FLEXIBLE 1IN;PE444444279-01;INHABILITADO (CHANGZHOU SANDING ELECTROMOTO);MP-01;MT;3500.000000;0.950000;USD;1925.750000;2029.240000;0.000000;0.000000;199.780000;7102340.000000;0.000000;Y;2029.240000;COP;SAP_LANDED_COST_PRICE_AT_WAREHOUSE;LANDED_COST
1015;1015;2014-02-28 00:00:00.000;12;20;3141;12;151;MPD04-Acces hidros;CMPD04-0057-000-0000;TUBERIA FLEXIBLE 1/2IN;PE444444279-01;INHABILITADO (CHANGZHOU SANDING ELECTROMOTO);MP-01;MT;1500.000000;0.520000;USD;1925.750000;1110.740000;0.000000;0.000000;109.350000;1666110.000000;0.000000;Y;1110.740000;COP;SAP_LANDED_COST_PRICE_AT_WAREHOUSE;LANDED_COST
1015;1015;2014-02-28 00:00:00.000;5;20;3141;5;151;MPD04-Acces hidros;CMPD04-0066-000-0000;BLOWER 0.75 HP 110V;PE444444279-01;INHABILITADO (CHANGZHOU SANDING ELECTROMOTO);MP-01;UN;100.000000;26.300000;USD;1925.750000;56177.920000;0.000000;0.000000;5530.690000;5617792.000000;0.000000;Y;56177.920000;COP;SAP_LANDED_COST_PRICE_AT_WAREHOUSE;LANDED_COST
486;486;2013-09-05 00:00:00.000;3;20;1833;3;151;MPD04-Acces hidros;CMPD04-0073-000-0000;CROMOTERAPIA 2 LUCES;PE444444279-01;INHABILITADO (CHANGZHOU SANDING ELECTROMOTO);MP-01;UN;340.000000;31.000000;USD;1878.800000;63882.740000;0.000000;0.000000;5639.940000;21720131.600000;0.000000;Y;63882.740000;COP;SAP_LANDED_COST_PRICE_AT_WAREHOUSE;LANDED_COST
486;486;2013-09-05 00:00:00.000;4;20;1833;4;151;MPD04-Acces hidros;CMPD04-0074-000-0000;CROMOTERAPIA 4 LUCES;PE444444279-01;INHABILITADO (CHANGZHOU SANDING ELECTROMOTO);MP-01;UN;140.000000;48.000000;USD;1878.800000;98915.210000;0.000000;0.000000;8732.810000;13848129.400000;0.000000;Y;98915.210000;COP;SAP_LANDED_COST_PRICE_AT_WAREHOUSE;LANDED_COST
3446;3446;2021-05-14 00:00:00.000;0;20;23299;0;151;MPD04-Acces hidros;CMPD04-0079-000-0000;MOTOBOMBA 1 HP 110V 60HZ;PN900321578-01;ALTAMIRA WATER LTDA;MP-01;UN;50.000000;152211.000000;$;0.000000;160211.000000;0.000000;0.000000;8000.000000;8010550.000000;0.000000;Y;160211.000000;COP;SAP_LANDED_COST_PRICE_AT_WAREHOUSE;LANDED_COST
486;486;2013-09-05 00:00:00.000;1;20;1833;1;151;MPD04-Acces hidros;CMPD04-0080-000-0000;MOTOBOMBA 3/4 HP 110V 60 HZ;PE444444279-01;INHABILITADO (CHANGZHOU SANDING ELECTROMOTO);MP-01;UN;80.000000;37.000000;USD;1878.800000;76247.140000;0.000000;0.000000;6731.540000;6099771.200000;0.000000;Y;76247.140000;COP;SAP_LANDED_COST_PRICE_AT_WAREHOUSE;LANDED_COST
486;486;2013-09-05 00:00:00.000;2;20;1833;2;151;MPD04-Acces hidros;CMPD04-0081-000-0000;MOTOBOMBA 3/4 HP 220V 50 HZ;PE444444279-01;INHABILITADO (CHANGZHOU SANDING ELECTROMOTO);MP-01;UN;41.000000;33.500000;USD;1878.800000;69034.570000;0.000000;0.000000;6094.770000;2830417.370000;0.000000;Y;69034.570000;COP;SAP_LANDED_COST_PRICE_AT_WAREHOUSE;LANDED_COST
486;486;2013-09-05 00:00:00.000;16;20;1833;17;151;MPD04-Acces hidros;CMPD04-0084-000-0000;PULSADOR NEUMATICO CROMADO;PE444444279-01;INHABILITADO (CHANGZHOU SANDING ELECTROMOTO);MP-01;UN;800.000000;0.950000;USD;1878.800000;1957.700000;0.000000;0.000000;172.840000;1566160.000000;0.000000;Y;1957.700000;COP;SAP_LANDED_COST_PRICE_AT_WAREHOUSE;LANDED_COST
1015;1015;2014-02-28 00:00:00.000;15;20;3141;15;151;MPD04-Acces hidros;CMPD04-0102-000-0000;LUZ BLANCA Y TRANSFORMADOR;PE444444279-01;INHABILITADO (CHANGZHOU SANDING ELECTROMOTO);MP-01;UN;80.000000;11.000000;USD;1925.750000;23496.470000;0.000000;0.000000;2313.220000;1879717.600000;0.000000;Y;23496.470000;COP;SAP_LANDED_COST_PRICE_AT_WAREHOUSE;LANDED_COST
1015;1015;2014-02-28 00:00:00.000;7;20;3141;7;151;MPD04-Acces hidros;CMPD04-0109-000-0000;TREBOL PVC;PE444444279-01;INHABILITADO (CHANGZHOU SANDING ELECTROMOTO);MP-01;UN;500.000000;0.390000;USD;1925.750000;833.050000;0.000000;0.000000;82.010000;416525.000000;0.000000;Y;833.050000;COP;SAP_LANDED_COST_PRICE_AT_WAREHOUSE;LANDED_COST
2240;2240;2016-05-23 00:00:00.000;0;20;10043;0;151;MPD04-Acces hidros;CMPD04-0114-000-0000;FILTRO C225 HIDROMASAJE;PN900199289-01;KOOLL IMPORTACIONES S A;MP-01;UN;10.000000;230013.000000;$;0.000000;236081.470000;0.000000;0.000000;6068.470000;2360814.700000;0.000000;Y;236081.470000;COP;SAP_LANDED_COST_PRICE_AT_WAREHOUSE;LANDED_COST
2665;2665;2017-11-14 00:00:00.000;0;20;13216;0;151;MPD04-Acces hidros;CMPD04-0147-000-0000;CALENTADOR A GAS PROPANO MASTERTEMP 125;PN900533184-01;POOL DISTRIBUTORS COLOMBIA S.A.S;MP-01;UN;1.000000;2850000.000000;$;0.000000;2922082.000000;0.000000;0.000000;72082.000000;2922082.000000;0.000000;Y;2922082.000000;COP;SAP_LANDED_COST_PRICE_AT_WAREHOUSE;LANDED_COST
2123;2123;2016-02-10 00:00:00.000;0;20;9334;0;151;MPD04-Acces hidros;CMPD04-0148-000-0000;CALENTADOR A GAS NATURAL MASTERTEMP 125;PN900199289-01;KOOLL IMPORTACIONES S A;MP-01;UN;3.000000;3101000.000000;$;0.000000;3166651.940000;0.000000;0.000000;65651.940000;9499955.820000;0.000000;Y;3166651.940000;COP;SAP_LANDED_COST_PRICE_AT_WAREHOUSE;LANDED_COST
3439;3439;2021-04-19 00:00:00.000;0;20;23117;0;154;OMP02-Tornillo-ferre;COMP02-0027-000-0000;TUBO C18 3/4IN MECANICO CUADRADO  SIN GALVANIZAR;PN800121199-01;HIERROS HB SA;MP-01;MT;1000.000000;18390.000000;$;0.000000;18790.000000;0.000000;0.000000;400.000000;18790000.000000;0.000000;Y;18790.000000;COP;SAP_LANDED_COST_PRICE_AT_WAREHOUSE;LANDED_COST
311;311;2013-06-14 00:00:00.000;0;20;1085;1;154;OMP02-Tornillo-ferre;COMP02-0028-000-0000;TUBO C18 3/4IN MECANICO CUADRADO GALVANIZADO;PN811012427-01;LOS FIERROS SA;MP-01;MT;4800.000000;1581.510000;$;0.000000;2335.760000;0.000000;0.000000;754.250000;11211648.000000;0.000000;Y;2335.760000;COP;SAP_LANDED_COST_PRICE_AT_WAREHOUSE;LANDED_COST
3039;3039;2019-03-08 00:00:00.000;20;20;16481;20;154;OMP02-Tornillo-ferre;COMP02-0033-000-0000;TUERCA 12MM P1.75  HEXAGONA PARA HERRAJES;PE444444565-01;NORINCO SHANGAI CO LTD;MP-01;UN;20000.000000;0.050000;USD;3136.490000;179.160000;0.000000;0.000000;22.050000;3583241.290000;0.000000;Y;179.160000;COP;SAP_LANDED_COST_PRICE_AT_WAREHOUSE;LANDED_COST
2662;2662;2017-11-02 00:00:00.000;0;20;13143;0;155;OMP03-Pegantes;COMP03-0001-000-0000;CEMENTO OATEY AZUL CPVC;PN800090124-01;ASESORIA SUMINISTROS E INGENIERIA DE COLOMBIA LTDA;MP-01;GR;12.000000;39040.000000;$;0.000000;40998.330000;0.000000;0.000000;1958.330000;491979.960000;0.000000;Y;40998.330000;COP;SAP_LANDED_COST_PRICE_AT_WAREHOUSE;LANDED_COST
3473;3473;2021-06-18 00:00:00.000;0;20;23578;0;155;OMP03-Pegantes;COMP03-0007-000-0000;LIMPIADOR WELD ON TRANSP/CHRISTY MORADO CPVC;PN800090124-01;ASESORIA SUMINISTROS E INGENIERIA DE COLOMBIA LTDA;MP-01;GR;36.000000;42500.000000;$;0.000000;44103.890000;0.000000;0.000000;1603.890000;1587740.000000;0.000000;Y;44103.890000;COP;SAP_LANDED_COST_PRICE_AT_WAREHOUSE;LANDED_COST
922;922;2014-01-30 00:00:00.000;0;20;2862;0;159;PLM01-Plomer coc-rop;CPLM01-0001-000-0000;CANASTILLA LAVARROPAS 2IN PLASTICA;PE444444503-01;TAIZHOU LUOBANG SANITARY CO LTDA;MP-01;UN;10000.000000;0.410000;USD;1915.370000;972.650000;0.000000;0.000000;187.350000;9726500.000000;0.000000;Y;972.650000;COP;SAP_LANDED_COST_PRICE_AT_WAREHOUSE;LANDED_COST
699;699;2013-10-21 00:00:00.000;0;20;2246;0;160;PLM02-Plomeria baños;CPLM02-0005-000-0000;DESAGUE REBOSE FLEXIBLE CON EXTENSION PARA BAÑERA;PE444444458-01;TAIZHOU NIXI SANITARY WARE FAC;MP-01;UN;60.000000;2.000000;USD;1885.840000;53892.900000;0.000000;0.000000;50121.220000;3233574.000000;0.000000;Y;53892.900000;COP;SAP_LANDED_COST_PRICE_AT_WAREHOUSE;LANDED_COST
461;461;2013-09-10 00:00:00.000;0;20;1758;0;160;PLM02-Plomeria baños;CPLM02-0006-000-0000;TAPON AUTOMATICO CROMADO PLASTICO 5/16IN;PE444444222-01;BARNETT;MP-01;UN;93.000000;1.220000;USD;1911.160000;4273.750000;0.000000;0.000000;1942.130000;397458.750000;0.000000;Y;4273.750000;COP;SAP_LANDED_COST_PRICE_AT_WAREHOUSE;LANDED_COST
2115;2115;2016-02-03 00:00:00.000;0;20;9294;1;167;REP01-Rep hidromasaj;CREP01-0016-000-0000;REPUESTO FILTRO CARTUCHO;PN900199289-01;KOOLL IMPORTACIONES S A;MP-01;UN;4.000000;85000.000000;$;0.000000;86850.350000;0.000000;0.000000;1850.350000;347401.400000;0.000000;Y;86850.350000;COP;SAP_LANDED_COST_PRICE_AT_WAREHOUSE;LANDED_COST
1015;1015;2014-02-28 00:00:00.000;14;20;3141;14;167;REP01-Rep hidromasaj;CREP01-0029-000-0000;CAJA CONTROL CROMO 2L CH;PE444444279-01;INHABILITADO (CHANGZHOU SANDING ELECTROMOTO);MP-01;UN;47.000000;10.000000;USD;1925.750000;21360.420000;0.000000;0.000000;2102.920000;1003939.740000;0.000000;Y;21360.420000;COP;SAP_LANDED_COST_PRICE_AT_WAREHOUSE;LANDED_COST
486;486;2013-09-05 00:00:00.000;14;20;1833;15;167;REP01-Rep hidromasaj;CREP01-0030-000-0000;CAJA CONTROL CROMO 4L CH;PE444444279-01;INHABILITADO (CHANGZHOU SANDING ELECTROMOTO);MP-01;UN;30.000000;17.000000;USD;1878.800000;35032.470000;0.000000;0.000000;3092.870000;1050974.100000;0.000000;Y;35032.470000;COP;SAP_LANDED_COST_PRICE_AT_WAREHOUSE;LANDED_COST
1015;1015;2014-02-28 00:00:00.000;13;20;3141;13;167;REP01-Rep hidromasaj;CREP01-0031-000-0000;BOTON CROMOTERAPIA CH;PE444444279-01;INHABILITADO (CHANGZHOU SANDING ELECTROMOTO);MP-01;UN;60.000000;3.000000;USD;1925.750000;6408.130000;0.000000;0.000000;630.880000;384487.800000;0.000000;Y;6408.130000;COP;SAP_LANDED_COST_PRICE_AT_WAREHOUSE;LANDED_COST
2685;2685;2017-12-21 00:00:00.000;7;20;13401;8;169;REP03-Repue griferia;CREP03-0087-000-0000;DELTA SELENOIDE EP74855 (TRINSIC);PE444444592-01;DELTA FAUCET COMPANY;MP-01;UN;2.000000;79.270000;USD;2996.610000;264290.690000;0.000000;0.000000;26737.970000;528581.380000;0.000000;Y;264290.690000;COP;SAP_LANDED_COST_PRICE_AT_WAREHOUSE;LANDED_COST
2076;2076;2015-12-18 00:00:00.000;0;20;9047;0;172;ROP03-Muebl lavarrop;CROP03-0001-000-0100;RH MUEBLE LVR 46X51 BLANCO;PN800049527-01;INVAL S A;MP-01;UN;20.000000;91310.000000;$;0.000000;100417.880000;0.000000;0.000000;9107.880000;2008357.600000;0.000000;Y;100417.880000;COP;SAP_LANDED_COST_PRICE_AT_WAREHOUSE;LANDED_COST
2361;2361;2016-09-28 00:00:00.000;0;20;10829;0;172;ROP03-Muebl lavarrop;CROP03-0001-000-0364;RH MUEBLE LVR 46X51 HUMO;PN800049527-01;INVAL S A;MP-01;UN;30.000000;98249.000000;$;0.000000;107905.870000;0.000000;0.000000;9656.870000;3237176.100000;0.000000;Y;107905.870000;COP;SAP_LANDED_COST_PRICE_AT_WAREHOUSE;LANDED_COST
2161;2161;2016-03-10 00:00:00.000;0;20;9554;0;172;ROP03-Muebl lavarrop;CROP03-0001-000-0367;RH MUEBLE LVR 46X51 BLANCO GLACIAL;PN800049527-01;INVAL S A;MP-01;UN;84.000000;98249.000000;$;0.000000;116349.000000;0.000000;0.000000;18100.000000;9773316.000000;0.000000;Y;116349.000000;COP;SAP_LANDED_COST_PRICE_AT_WAREHOUSE;LANDED_COST
2829;2829;2018-07-03 00:00:00.000;0;20;597;0;172;ROP03-Muebl lavarrop;CROP03-0001-000-0390;RH MUEBLE LVR 46X51 CEDRO;PN800049527-01;INVAL S A;MP-01;UN;50.000000;83616.000000;$;0.000000;84052.520000;0.000000;0.000000;436.520000;4202626.000000;0.000000;Y;84052.520000;COP;SAP_LANDED_COST_PRICE_AT_WAREHOUSE;LANDED_COST
2510;2510;2017-03-10 00:00:00.000;0;20;11887;0;172;ROP03-Muebl lavarrop;CROP03-0001-000-0392;RH MUEBLE LVR 46X51 WENGUE;PN71794695-01;MONSALVE ARROYAVE JORGE HUGO;MP-01;UN;4.000000;180000.000000;$;0.000000;187390.000000;0.000000;0.000000;7390.000000;749560.000000;0.000000;Y;187390.000000;COP;SAP_LANDED_COST_PRICE_AT_WAREHOUSE;LANDED_COST
1408;1408;2014-07-25 00:00:00.000;6;20;4420;1;172;ROP03-Muebl lavarrop;CROP03-0001-000-0394;RH MUEBLE LVR 46X51 ROBLE CLARO;PN800049527-01;INVAL S A;MP-01;UN;30.000000;83616.000000;$;0.000000;92693.960000;0.000000;0.000000;9077.960000;2780818.800000;0.000000;Y;92693.960000;COP;SAP_LANDED_COST_PRICE_AT_WAREHOUSE;LANDED_COST
2227;2227;2016-05-10 00:00:00.000;0;20;9956;0;172;ROP03-Muebl lavarrop;CROP03-0001-000-0396;RH MUEBLE LVR 46X51 SERENA;PN800049527-01;INVAL S A;MP-01;UN;1.000000;98249.000000;$;0.000000;112944.000000;0.000000;0.000000;14695.000000;112944.000000;0.000000;Y;112944.000000;COP;SAP_LANDED_COST_PRICE_AT_WAREHOUSE;LANDED_COST
2952;2952;2018-11-16 00:00:00.000;0;20;929;0;172;ROP03-Muebl lavarrop;CROP03-0002-000-0100;RH MUEBLE LVR 48X60 BLANCO;PN800049527-01;INVAL S A;MP-01;UN;5.000000;85883.000000;$;0.000000;86941.770000;0.000000;0.000000;1058.770000;434708.850000;0.000000;Y;86941.770000;COP;SAP_LANDED_COST_PRICE_AT_WAREHOUSE;LANDED_COST
1821;1821;2015-06-22 00:00:00.000;0;20;7320;0;172;ROP03-Muebl lavarrop;CROP03-0002-000-0364;RH MUEBLE LVR 48X60 HUMO;PN800049527-01;INVAL S A;MP-01;UN;1.000000;87600.000000;$;0.000000;95618.040000;0.000000;0.000000;8018.040000;95618.040000;0.000000;Y;95618.040000;COP;SAP_LANDED_COST_PRICE_AT_WAREHOUSE;LANDED_COST
97;97;2013-03-20 00:00:00.000;0;20;432;0;172;ROP03-Muebl lavarrop;CROP03-0002-000-0389;RH MUEBLE LVR 48X60 ROBLE OSCURO;PN800049527-01;INVAL S A;MP-01;UN;30.000000;85883.000000;$;0.000000;94336.400000;0.000000;0.000000;8453.400000;2830092.000000;0.000000;Y;94336.400000;COP;SAP_LANDED_COST_PRICE_AT_WAREHOUSE;LANDED_COST
3027;3027;2019-02-25 00:00:00.000;0;20;1523;0;172;ROP03-Muebl lavarrop;CROP03-0002-000-0390;RH MUEBLE LVR 48X60 CEDRO;PN800049527-01;INVAL S A;MP-01;UN;25.000000;85883.000000;$;0.000000;86685.380000;0.000000;0.000000;802.380000;2167134.500000;0.000000;Y;86685.380000;COP;SAP_LANDED_COST_PRICE_AT_WAREHOUSE;LANDED_COST
2055;2055;2015-12-03 00:00:00.000;5;20;8926;0;172;ROP03-Muebl lavarrop;CROP03-0002-000-0392;RH MUEBLE LVR 48X60 WENGUE;PN800049527-01;INVAL S A;MP-01;UN;1.000000;91980.000000;$;0.000000;100380.050000;0.000000;0.000000;8400.050000;100380.050000;0.000000;Y;100380.050000;COP;SAP_LANDED_COST_PRICE_AT_WAREHOUSE;LANDED_COST
62;62;2013-02-01 00:00:00.000;0;20;345;0;172;ROP03-Muebl lavarrop;CROP03-0002-000-0393;RH MUEBLE LVR 48X60 CAOBA;PN800049527-01;INVAL S A;MP-01;UN;77.000000;85883.000000;$;0.000000;94008.130000;0.000000;0.000000;8125.130000;7238626.010000;0.000000;Y;94008.130000;COP;SAP_LANDED_COST_PRICE_AT_WAREHOUSE;LANDED_COST
2531;2531;2017-03-28 00:00:00.000;0;20;11996;0;172;ROP03-Muebl lavarrop;CROP03-0002-000-0394;RH MUEBLE LVR 48X60 ROBLE MALLADO;PN71794695-01;MONSALVE ARROYAVE JORGE HUGO;MP-01;UN;4.000000;185000.000000;$;0.000000;194000.000000;0.000000;0.000000;9000.000000;776000.000000;0.000000;Y;194000.000000;COP;SAP_LANDED_COST_PRICE_AT_WAREHOUSE;LANDED_COST
1688;1688;2015-02-20 00:00:00.000;9;20;6265;0;172;ROP03-Muebl lavarrop;CROP03-0002-000-0397;RH MUEBLE LVR 48X60 NUEZ;PN800049527-01;INVAL S A;MP-01;UN;1.000000;87600.000000;$;0.000000;96274.250000;0.000000;0.000000;8674.250000;96274.250000;0.000000;Y;96274.250000;COP;SAP_LANDED_COST_PRICE_AT_WAREHOUSE;LANDED_COST
2195;2195;2016-04-06 00:00:00.000;1;20;9724;3;172;ROP03-Muebl lavarrop;CROP03-0003-000-0100;RH MUEBLE LVR 60X60 BLANCO;PN800049527-01;INVAL S A;MP-01;UN;20.000000;104140.000000;$;0.000000;106785.520000;0.000000;0.000000;2645.520000;2135710.400000;0.000000;Y;106785.520000;COP;SAP_LANDED_COST_PRICE_AT_WAREHOUSE;LANDED_COST
2398;2398;2016-10-13 00:00:00.000;0;20;10933;0;172;ROP03-Muebl lavarrop;CROP03-0003-000-0364;RH MUEBLE LVR 60X60 HUMO;PN800049527-01;INVAL S A;MP-01;UN;2.000000;104140.000000;$;0.000000;115081.620000;0.000000;0.000000;10941.620000;230163.240000;0.000000;Y;115081.620000;COP;SAP_LANDED_COST_PRICE_AT_WAREHOUSE;LANDED_COST
2062;2062;2015-12-11 00:00:00.000;0;20;8990;0;172;ROP03-Muebl lavarrop;CROP03-0003-000-0367;RH MUEBLE LVR 60X60 GLACIAL;PN800049527-01;INVAL S A;MP-01;UN;70.000000;100140.000000;$;0.000000;108574.130000;0.000000;0.000000;8434.130000;7600189.100000;0.000000;Y;108574.130000;COP;SAP_LANDED_COST_PRICE_AT_WAREHOUSE;LANDED_COST
1074;1074;2014-03-19 00:00:00.000;0;20;3290;0;172;ROP03-Muebl lavarrop;CROP03-0003-000-0371;RH MUEBLE LVR 60X60 ARENA;PN800049527-01;INVAL S A;MP-01;UN;1.000000;93496.000000;$;0.000000;103269.240000;0.000000;0.000000;9773.240000;103269.240000;0.000000;Y;103269.240000;COP;SAP_LANDED_COST_PRICE_AT_WAREHOUSE;LANDED_COST
169;169;2013-04-05 00:00:00.000;0;20;683;0;172;ROP03-Muebl lavarrop;CROP03-0003-000-0386;RH MUEBLE LVR 60X60 CRISTALO;PN800049527-01;INVAL S A;MP-01;UN;38.000000;93496.000000;$;0.000000;102182.420000;0.000000;0.000000;8686.420000;3882931.960000;0.000000;Y;102182.420000;COP;SAP_LANDED_COST_PRICE_AT_WAREHOUSE;LANDED_COST
2451;2451;2016-12-21 00:00:00.000;2;20;11467;0;172;ROP03-Muebl lavarrop;CROP03-0003-000-0387;RH MUEBLE LVR 60X60 CHANTILLI;PN800049527-01;INVAL S A;MP-01;UN;30.000000;104140.000000;$;0.000000;116446.020000;0.000000;0.000000;12306.020000;3493380.600000;0.000000;Y;116446.020000;COP;SAP_LANDED_COST_PRICE_AT_WAREHOUSE;LANDED_COST
1251;1251;2014-05-16 00:00:00.000;0;20;3769;0;172;ROP03-Muebl lavarrop;CROP03-0003-000-0390;RH MUEBLE LVR 60X60 CEDRO;PN800049527-01;INVAL S A;MP-01;UN;12.000000;93496.000000;$;0.000000;103315.410000;0.000000;0.000000;9819.410000;1239784.920000;0.000000;Y;103315.410000;COP;SAP_LANDED_COST_PRICE_AT_WAREHOUSE;LANDED_COST
2383;2383;2016-10-07 00:00:00.000;0;20;10889;0;172;ROP03-Muebl lavarrop;CROP03-0003-000-0392;RH MUEBLE LVR 60X60 WENGUE;PN800049527-01;INVAL S A;MP-01;UN;1.000000;104140.000000;$;0.000000;112781.440000;0.000000;0.000000;8641.440000;112781.440000;0.000000;Y;112781.440000;COP;SAP_LANDED_COST_PRICE_AT_WAREHOUSE;LANDED_COST
1615;1615;2014-12-19 00:00:00.000;0;20;5798;0;172;ROP03-Muebl lavarrop;CROP03-0003-000-0393;RH MUEBLE LVR 60X60 CAOBA;PN800049527-01;INVAL S A;MP-01;UN;7.000000;93496.000000;$;0.000000;104627.240000;0.000000;0.000000;11131.240000;732390.680000;0.000000;Y;104627.240000;COP;SAP_LANDED_COST_PRICE_AT_WAREHOUSE;LANDED_COST
1617;1617;2014-12-20 00:00:00.000;1;20;5801;0;172;ROP03-Muebl lavarrop;CROP03-0003-000-0394;RH MUEBLE LVR 60X60 ROBLE MALLADO;PN800049527-01;INVAL S A;MP-01;UN;30.000000;93496.000000;$;0.000000;106059.020000;0.000000;0.000000;12563.020000;3181770.600000;0.000000;Y;106059.020000;COP;SAP_LANDED_COST_PRICE_AT_WAREHOUSE;LANDED_COST
2138;2138;2016-02-19 00:00:00.000;3;20;9420;0;172;ROP03-Muebl lavarrop;CROP03-0003-000-0396;RH MUEBLE LVR 60X60 SERENA;PN800049527-01;INVAL S A;MP-01;UN;34.000000;100140.000000;$;0.000000;110915.790000;0.000000;0.000000;10775.790000;3771136.860000;0.000000;Y;110915.790000;COP;SAP_LANDED_COST_PRICE_AT_WAREHOUSE;LANDED_COST
1734;1734;2015-04-07 00:00:00.000;6;20;6628;0;172;ROP03-Muebl lavarrop;CROP03-0003-000-0397;RH MUEBLE LVR 60X60 NUEZ;PN800049527-01;INVAL S A;MP-01;UN;1.000000;95370.000000;$;0.000000;104123.520000;0.000000;0.000000;8753.520000;104123.520000;0.000000;Y;104123.520000;COP;SAP_LANDED_COST_PRICE_AT_WAREHOUSE;LANDED_COST
2513;2513;2017-03-10 00:00:00.000;0;20;11908;0;172;ROP03-Muebl lavarrop;CROP03-0003-000-0408;RH MUEBLE LVR 60X60 BLANCO POLAR;PN71794695-01;MONSALVE ARROYAVE JORGE HUGO;MP-01;UN;2.000000;208000.000000;$;0.000000;214964.920000;0.000000;0.000000;6964.920000;429929.840000;0.000000;Y;214964.920000;COP;SAP_LANDED_COST_PRICE_AT_WAREHOUSE;LANDED_COST
2159;2159;2016-03-10 00:00:00.000;5;20;9548;1;172;ROP03-Muebl lavarrop;CROP03-0004-000-0100;RH MUEBLE LVR 80X60 BLANCO;PN800049527-01;INVAL S A;MP-01;UN;52.000000;124383.000000;$;0.000000;134568.520000;0.000000;0.000000;10185.520000;6997563.040000;0.000000;Y;134568.520000;COP;SAP_LANDED_COST_PRICE_AT_WAREHOUSE;LANDED_COST
2013;2013;2015-10-26 00:00:00.000;8;20;8551;0;172;ROP03-Muebl lavarrop;CROP03-0004-000-0364;RH MUEBLE LVR 80X60 HUMO;PN800049527-01;INVAL S A;MP-01;UN;1.000000;118460.000000;$;0.000000;127963.360000;0.000000;0.000000;9503.360000;127963.360000;0.000000;Y;127963.360000;COP;SAP_LANDED_COST_PRICE_AT_WAREHOUSE;LANDED_COST
2062;2062;2015-12-11 00:00:00.000;2;20;8992;0;172;ROP03-Muebl lavarrop;CROP03-0004-000-0367;RH MUEBLE LVR 80X60 GLACIAL;PN800049527-01;INVAL S A;MP-01;UN;34.000000;118460.000000;$;0.000000;128437.100000;0.000000;0.000000;9977.100000;4366861.400000;0.000000;Y;128437.100000;COP;SAP_LANDED_COST_PRICE_AT_WAREHOUSE;LANDED_COST
2005;2005;2015-10-16 00:00:00.000;0;20;8477;0;172;ROP03-Muebl lavarrop;CROP03-0004-000-0387;RH MUEBLE LVR 80X60 CHANTILLI;PN800049527-01;INVAL S A;MP-01;UN;1.000000;118460.000000;$;0.000000;126928.040000;0.000000;0.000000;8468.040000;126928.040000;0.000000;Y;126928.040000;COP;SAP_LANDED_COST_PRICE_AT_WAREHOUSE;LANDED_COST
2835;2835;2018-07-09 00:00:00.000;0;20;598;0;172;ROP03-Muebl lavarrop;CROP03-0004-000-0390;RH MUEBLE LVR 80X60 CEDRO;PN800049527-01;INVAL S A;MP-01;UN;50.000000;110604.000000;$;0.000000;112008.600000;0.000000;0.000000;1404.600000;5600430.000000;0.000000;Y;112008.600000;COP;SAP_LANDED_COST_PRICE_AT_WAREHOUSE;LANDED_COST
2200;2200;2016-04-20 00:00:00.000;8;20;9827;0;172;ROP03-Muebl lavarrop;CROP03-0004-000-0392;RH MUEBLE LVR 80X60 WENGUE;PN800049527-01;INVAL S A;MP-01;UN;1.000000;124383.000000;$;0.000000;136181.140000;0.000000;0.000000;11798.140000;136181.140000;0.000000;Y;136181.140000;COP;SAP_LANDED_COST_PRICE_AT_WAREHOUSE;LANDED_COST
1600;1600;2014-12-11 00:00:00.000;6;20;5701;0;172;ROP03-Muebl lavarrop;CROP03-0004-000-0393;RH MUEBLE LVR 80X60 CAOBA;PN800049527-01;INVAL S A;MP-01;UN;1.000000;110604.000000;$;0.000000;122761.830000;0.000000;0.000000;12157.830000;122761.830000;0.000000;Y;122761.830000;COP;SAP_LANDED_COST_PRICE_AT_WAREHOUSE;LANDED_COST
1809;1809;2015-06-11 00:00:00.000;8;20;7257;0;172;ROP03-Muebl lavarrop;CROP03-0004-000-0394;RH MUEBLE LVR 80X60 ROBLE CLARO;PN800049527-01;INVAL S A;MP-01;UN;1.000000;112820.000000;$;0.000000;124321.200000;0.000000;0.000000;11501.200000;124321.200000;0.000000;Y;124321.200000;COP;SAP_LANDED_COST_PRICE_AT_WAREHOUSE;LANDED_COST
2093;2093;2016-01-19 00:00:00.000;0;20;9189;3;172;ROP03-Muebl lavarrop;CROP03-0004-000-0396;RH MUEBLE LVR 80X60 SERENA;PN800049527-01;INVAL S A;MP-01;UN;8.000000;118460.000000;$;0.000000;130721.280000;0.000000;0.000000;12261.280000;1045770.240000;0.000000;Y;130721.280000;COP;SAP_LANDED_COST_PRICE_AT_WAREHOUSE;LANDED_COST
246;246;2013-05-17 00:00:00.000;0;20;922;1;172;ROP03-Muebl lavarrop;CROP03-0004-000-0397;RH MUEBLE LVR 80X60 NUEZ;PN800049527-01;INVAL S A;MP-01;UN;1.000000;110604.000000;$;0.000000;114256.920000;0.000000;0.000000;3652.920000;114256.920000;0.000000;Y;114256.920000;COP;SAP_LANDED_COST_PRICE_AT_WAREHOUSE;LANDED_COST
2022;2022;2015-11-06 00:00:00.000;9;20;8640;4;172;ROP03-Muebl lavarrop;CROP03-0005-000-0100;RH MUEBLE LVR 80X60 CANTO 2MM BLANCO;PN800049527-01;INVAL S A;MP-01;UN;1.000000;123210.000000;$;0.000000;136163.970000;0.000000;0.000000;12953.970000;136163.970000;0.000000;Y;136163.970000;COP;SAP_LANDED_COST_PRICE_AT_WAREHOUSE;LANDED_COST
2518;2518;2017-03-17 00:00:00.000;1;20;11943;1;172;ROP03-Muebl lavarrop;CROP03-0006-000-0100;RH MUEBLE LVT 40X35 BLANCO;PN800049527-01;INVAL S A;MP-01;UN;30.000000;23657.000000;$;0.000000;24758.520000;0.000000;0.000000;1101.520000;742755.600000;0.000000;Y;24758.520000;COP;SAP_LANDED_COST_PRICE_AT_WAREHOUSE;LANDED_COST
1646;1646;2015-01-13 00:00:00.000;2;20;5914;0;172;ROP03-Muebl lavarrop;CROP03-0006-000-0364;RH MUEBLE LVT 40X35 HUMO;PN800049527-01;INVAL S A;MP-01;UN;1.000000;18450.000000;$;0.000000;19363.330000;0.000000;0.000000;913.330000;19363.330000;0.000000;Y;19363.330000;COP;SAP_LANDED_COST_PRICE_AT_WAREHOUSE;LANDED_COST
1946;1946;2015-09-03 00:00:00.000;1;20;8073;1;172;ROP03-Muebl lavarrop;CROP03-0006-000-0367;RH MUEBLE LVT 40X35 GLACIAL;PN800049527-01;INVAL S A;MP-01;UN;1.000000;20670.000000;$;0.000000;26094.480000;0.000000;0.000000;5424.480000;26094.480000;0.000000;Y;26094.480000;COP;SAP_LANDED_COST_PRICE_AT_WAREHOUSE;LANDED_COST
1977;1977;2015-09-23 00:00:00.000;9;20;8292;0;172;ROP03-Muebl lavarrop;CROP03-0006-000-0387;RH MUEBLE LVT 40X35 CHANTILLI;PN800049527-01;INVAL S A;MP-01;UN;1.000000;20670.000000;$;0.000000;21483.690000;0.000000;0.000000;813.690000;21483.690000;0.000000;Y;21483.690000;COP;SAP_LANDED_COST_PRICE_AT_WAREHOUSE;LANDED_COST
2425;2425;2016-11-17 00:00:00.000;0;20;11196;0;172;ROP03-Muebl lavarrop;CROP03-0006-000-0388;RH MUEBLE LVT 40X35 CAPUCHINO;PN800049527-01;INVAL S A;MP-01;UN;30.000000;22530.000000;$;0.000000;23557.950000;0.000000;0.000000;1027.950000;706738.500000;0.000000;Y;23557.950000;COP;SAP_LANDED_COST_PRICE_AT_WAREHOUSE;LANDED_COST
2174;2174;2016-03-17 00:00:00.000;5;20;9624;0;172;ROP03-Muebl lavarrop;CROP03-0006-000-0392;RH MUEBLE LVT 40X35 WENGUE;PN800049527-01;INVAL S A;MP-01;UN;21.000000;22530.000000;$;0.000000;23459.160000;0.000000;0.000000;929.160000;492642.360000;0.000000;Y;23459.160000;COP;SAP_LANDED_COST_PRICE_AT_WAREHOUSE;LANDED_COST
2088;2088;2016-01-13 00:00:00.000;3;20;9159;1;172;ROP03-Muebl lavarrop;CROP03-0006-000-0394;RH MUEBLE LVT 40X35 ROBLE MALLADO;PN800049527-01;INVAL S A;MP-01;UN;1.000000;20670.000000;$;0.000000;21576.830000;0.000000;0.000000;906.830000;21576.830000;0.000000;Y;21576.830000;COP;SAP_LANDED_COST_PRICE_AT_WAREHOUSE;LANDED_COST
1704;1704;2015-03-09 00:00:00.000;1;20;6401;1;172;ROP03-Muebl lavarrop;CROP03-0006-000-0397;RH MUEBLE LVT 40X35 NUEZ;PN800049527-01;INVAL S A;MP-01;UN;33.000000;19690.000000;$;0.000000;20645.130000;0.000000;0.000000;955.130000;681289.290000;0.000000;Y;20645.130000;COP;SAP_LANDED_COST_PRICE_AT_WAREHOUSE;LANDED_COST
2567;2567;2017-05-08 00:00:00.000;0;20;12180;0;172;ROP03-Muebl lavarrop;CROP03-0007-000-0100;RH MUEBLE LVT 30X30 BLANCO;PN800049527-01;INVAL S A;MP-01;UN;34.000000;19142.000000;$;0.000000;19779.810000;0.000000;0.000000;637.810000;672513.540000;0.000000;Y;19779.810000;COP;SAP_LANDED_COST_PRICE_AT_WAREHOUSE;LANDED_COST
779;779;2013-12-03 00:00:00.000;0;20;2486;0;172;ROP03-Muebl lavarrop;CROP03-0007-000-0364;RH MUEBLE LVT 30X30 HUMO;PN800049527-01;INVAL S A;MP-01;UN;1.000000;14420.000000;$;0.000000;15027.000000;0.000000;0.000000;607.000000;15027.000000;0.000000;Y;15027.000000;COP;SAP_LANDED_COST_PRICE_AT_WAREHOUSE;LANDED_COST
2056;2056;2015-12-03 00:00:00.000;3;20;8930;1;172;ROP03-Muebl lavarrop;CROP03-0007-000-0367;RH MUEBLE LVT 30X30 GLACIAL;PN800049527-01;INVAL S A;MP-01;UN;70.000000;16050.000000;$;0.000000;16679.730000;0.000000;0.000000;629.730000;1167581.100000;0.000000;Y;16679.730000;COP;SAP_LANDED_COST_PRICE_AT_WAREHOUSE;LANDED_COST
1808;1808;2015-06-10 00:00:00.000;0;20;7228;0;172;ROP03-Muebl lavarrop;CROP03-0007-000-0392;RH MUEBLE LVT 30X30 WENGUE;PN800049527-01;INVAL S A;MP-01;UN;1.000000;15290.000000;$;0.000000;23290.000000;0.000000;0.000000;8000.000000;23290.000000;0.000000;Y;23290.000000;COP;SAP_LANDED_COST_PRICE_AT_WAREHOUSE;LANDED_COST
1727;1727;2015-03-27 00:00:00.000;9;20;6585;1;172;ROP03-Muebl lavarrop;CROP03-0007-000-0396;RH MUEBLE LVT 30X30 SERENA;PN800049527-01;INVAL S A;MP-01;UN;1.000000;15290.000000;$;0.000000;15864.820000;0.000000;0.000000;574.820000;15864.820000;0.000000;Y;15864.820000;COP;SAP_LANDED_COST_PRICE_AT_WAREHOUSE;LANDED_COST
2154;2154;2016-03-07 00:00:00.000;0;20;9510;0;172;ROP03-Muebl lavarrop;CROP03-0008-000-0100;RH MUEBLE LVR 90X60 BLANCO;PN800049527-01;INVAL S A;MP-01;UN;1.000000;140838.000000;$;0.000000;151499.000000;0.000000;0.000000;10661.000000;151499.000000;0.000000;Y;151499.000000;COP;SAP_LANDED_COST_PRICE_AT_WAREHOUSE;LANDED_COST
1946;1946;2015-09-03 00:00:00.000;0;20;8073;0;172;ROP03-Muebl lavarrop;CROP03-0008-000-0367;RH MUEBLE LVR 90X60 GLACIAL;PN800049527-01;INVAL S A;MP-01;UN;1.000000;131750.000000;$;0.000000;166325.520000;0.000000;0.000000;34575.520000;166325.520000;0.000000;Y;166325.520000;COP;SAP_LANDED_COST_PRICE_AT_WAREHOUSE;LANDED_COST
2506;2506;2017-03-02 00:00:00.000;0;20;11867;0;172;ROP03-Muebl lavarrop;CROP03-0008-000-0392;RH MUEBLE LVR 90X60 WENGUE;PN800049527-01;INVAL S A;MP-01;UN;30.000000;140838.000000;$;0.000000;157292.510000;0.000000;0.000000;16454.510000;4718775.300000;0.000000;Y;157292.510000;COP;SAP_LANDED_COST_PRICE_AT_WAREHOUSE;LANDED_COST
2464;2464;2017-01-11 00:00:00.000;0;20;11581;0;172;ROP03-Muebl lavarrop;CROP03-0009-000-0100;RH MUEBLE LVT 46X46 BLANCO;PN800049527-01;INVAL S A;MP-01;UN;1.000000;31600.000000;$;0.000000;32741.000000;0.000000;0.000000;1141.000000;32741.000000;0.000000;Y;32741.000000;COP;SAP_LANDED_COST_PRICE_AT_WAREHOUSE;LANDED_COST
2014;2014;2015-10-26 00:00:00.000;7;20;8546;0;172;ROP03-Muebl lavarrop;CROP03-0009-000-0364;RH MUEBLE LVT 46X46 HUMO;PN800049527-01;INVAL S A;MP-01;UN;1.000000;28990.000000;$;0.000000;30114.370000;0.000000;0.000000;1124.370000;30114.370000;0.000000;Y;30114.370000;COP;SAP_LANDED_COST_PRICE_AT_WAREHOUSE;LANDED_COST
2056;2056;2015-12-03 00:00:00.000;4;20;8930;2;172;ROP03-Muebl lavarrop;CROP03-0009-000-0367;RH MUEBLE LVT 46X46 GLACIAL;PN800049527-01;INVAL S A;MP-01;UN;34.000000;28990.000000;$;0.000000;30127.430000;0.000000;0.000000;1137.430000;1024332.620000;0.000000;Y;30127.430000;COP;SAP_LANDED_COST_PRICE_AT_WAREHOUSE;LANDED_COST
1502;1502;2014-10-06 00:00:00.000;35;20;5065;2;172;ROP03-Muebl lavarrop;CROP03-0009-000-0387;RH MUEBLE LVT 46X46 CHANTILLI;PN800049527-01;INVAL S A;MP-01;UN;13.000000;25850.000000;$;0.000000;26715.750000;0.000000;0.000000;865.750000;347304.750000;0.000000;Y;26715.750000;COP;SAP_LANDED_COST_PRICE_AT_WAREHOUSE;LANDED_COST
1878;1878;2015-07-08 00:00:00.000;0;20;7490;0;172;ROP03-Muebl lavarrop;CROP03-0009-000-0392;RH MUEBLE LVT 46X46 WENGUE;PN800049527-01;INVAL S A;MP-01;UN;1.000000;27610.000000;$;0.000000;42610.000000;0.000000;0.000000;15000.000000;42610.000000;0.000000;Y;42610.000000;COP;SAP_LANDED_COST_PRICE_AT_WAREHOUSE;LANDED_COST
1981;1981;2015-09-25 00:00:00.000;0;20;8308;0;172;ROP03-Muebl lavarrop;CROP03-0009-000-0394;RH MUEBLE LVT 46X46 ROBLE MALLADO;PN800049527-01;INVAL S A;MP-01;UN;1.000000;28990.000000;$;0.000000;30107.620000;0.000000;0.000000;1117.620000;30107.620000;0.000000;Y;30107.620000;COP;SAP_LANDED_COST_PRICE_AT_WAREHOUSE;LANDED_COST
2025;2025;2015-11-09 00:00:00.000;0;20;8660;0;172;ROP03-Muebl lavarrop;CROP03-0009-000-0396;RH MUEBLE LVT 46X46 SERENA;PN800049527-01;INVAL S A;MP-01;UN;16.000000;27610.000000;$;0.000000;28705.470000;0.000000;0.000000;1095.470000;459287.520000;0.000000;Y;28705.470000;COP;SAP_LANDED_COST_PRICE_AT_WAREHOUSE;LANDED_COST
2492;2492;2017-02-21 00:00:00.000;0;20;11820;0;172;ROP03-Muebl lavarrop;CROP03-0010-000-0100;RH MUEBLE LVR 50X50 BLANCO;PN800049527-01;INVAL S A;MP-01;UN;30.000000;95180.000000;$;0.000000;100513.130000;0.000000;0.000000;5333.130000;3015393.900000;0.000000;Y;100513.130000;COP;SAP_LANDED_COST_PRICE_AT_WAREHOUSE;LANDED_COST
2355;2355;2016-09-21 00:00:00.000;3;20;10785;0;172;ROP03-Muebl lavarrop;CROP03-0010-000-0392;RH MUEBLE LVR 50X50 WENGUE;PN800049527-01;INVAL S A;MP-01;UN;20.000000;95180.000000;$;0.000000;104542.610000;0.000000;0.000000;9362.610000;2090852.200000;0.000000;Y;104542.610000;COP;SAP_LANDED_COST_PRICE_AT_WAREHOUSE;LANDED_COST
2515;2515;2017-03-15 00:00:00.000;0;20;11935;0;172;ROP03-Muebl lavarrop;CROP03-0010-000-0414;RH MUEBLE LVR 50X50 KROMO;PN800049527-01;INVAL S A;MP-01;UN;50.000000;99940.000000;$;0.000000;104620.440000;0.000000;0.000000;4680.440000;5231022.000000;0.000000;Y;104620.440000;COP;SAP_LANDED_COST_PRICE_AT_WAREHOUSE;LANDED_COST
2036;2036;2015-11-19 00:00:00.000;8;20;8764;0;172;ROP03-Muebl lavarrop;CROP03-0011-000-0403;RH MUEBLE LVR 46X51 1 PTA (ROBLE ML) CIERRE LENTO ROBLE MALLADO INTERIOR BLANCO;PN800049527-01;INVAL S A;MP-01;UN;88.000000;96700.000000;$;0.000000;105598.680000;0.000000;0.000000;8898.680000;9292683.840000;0.000000;Y;105598.680000;COP;SAP_LANDED_COST_PRICE_AT_WAREHOUSE;LANDED_COST
2197;2197;2016-04-12 00:00:00.000;4;20;9777;0;172;ROP03-Muebl lavarrop;CROP03-0012-000-0100;RH MUEBLE LVR 70X60 BLANCO;PN800049527-01;INVAL S A;MP-01;UN;16.000000;124310.000000;$;0.000000;137450.290000;0.000000;0.000000;13140.290000;2199204.640000;0.000000;Y;137450.290000;COP;SAP_LANDED_COST_PRICE_AT_WAREHOUSE;LANDED_COST
2417;2417;2016-11-02 00:00:00.000;2;20;11096;0;172;ROP03-Muebl lavarrop;CROP03-0012-000-0392;RH MUEBLE LVR 70X60 WENGUE;PN800049527-01;INVAL S A;MP-01;UN;52.000000;124310.000000;$;0.000000;134923.110000;0.000000;0.000000;10613.110000;7016001.720000;0.000000;Y;134923.110000;COP;SAP_LANDED_COST_PRICE_AT_WAREHOUSE;LANDED_COST
2193;2193;2016-04-04 00:00:00.000;0;20;9714;0;172;ROP03-Muebl lavarrop;CROP03-0012-000-0394;RH MUEBLE LVR 70X60 ROBLE MALLADO;PN800049527-01;INVAL S A;MP-01;UN;1.000000;124310.000000;$;0.000000;139448.000000;0.000000;0.000000;15138.000000;139448.000000;0.000000;Y;139448.000000;COP;SAP_LANDED_COST_PRICE_AT_WAREHOUSE;LANDED_COST
